1,1,1,-256.1400146484375,-521.0800170898438,496.0299987792969
2,1,2,-256.1400146484375,-521.0800170898438,479.010009765625
3,1,3,-256.1400146484375,-521.0800170898438,461.989990234375
4,1,4,-256.1400146484375,-521.0800170898438,444.9700012207031
5,1,5,-256.1400146484375,-521.0800170898438,427.95001220703125
6,1,6,-256.1400146484375,-521.0800170898438,410.92999267578125
7,1,7,-256.1400146484375,-521.0800170898438,393.9100036621094
8,1,8,-256.1400146484375,-521.0800170898438,376.8800048828125
9,1,9,-256.1400146484375,-521.0800170898438,359.8599853515625
10,1,10,-256.1400146484375,-521.0800170898438,342.8399963378906
11,1,11,-256.1400146484375,-521.0800170898438,325.82000732421875
12,1,12,-256.1400146484375,-521.0800170898438,308.79998779296875
13,1,13,-256.1400146484375,-521.0800170898438,291.7799987792969
14,1,14,-256.1400146484375,-521.0800170898438,274.760009765625
15,1,15,-256.1400146484375,-521.0800170898438,257.739990234375
16,1,16,-256.1400146484375,-521.0800170898438,240.72000122070312
17,1,17,-256.1400146484375,-521.0800170898438,223.6999969482422
18,1,18,-256.1400146484375,-521.0800170898438,206.67999267578125
19,1,19,-256.1400146484375,-521.0800170898438,189.66000366210938
20,1,20,-256.1400146484375,-521.0800170898438,172.63999938964844
21,1,21,-256.1400146484375,-521.0800170898438,155.6199951171875
22,1,22,-256.1400146484375,-521.0800170898438,138.58999633789062
23,1,23,-256.1400146484375,-521.0800170898438,121.56999969482422
24,1,24,-256.1400146484375,-521.0800170898438,104.55000305175781
25,1,25,-256.1400146484375,-521.0800170898438,87.52999877929688
26,1,26,-256.1400146484375,-521.0800170898438,70.51000213623047
27,1,27,-256.1400146484375,-521.0800170898438,53.4900016784668
28,1,28,-256.1400146484375,-521.0800170898438,36.470001220703125
29,1,29,-256.1400146484375,-521.0800170898438,19.450000762939453
30,1,30,-256.1400146484375,-521.0800170898438,2.430000066757202
31,1,31,-256.1400146484375,-521.0800170898438,-14.59000015258789
32,1,32,-256.1400146484375,-521.0800170898438,-31.610000610351562
33,1,33,-256.1400146484375,-521.0800170898438,-48.630001068115234
34,1,34,-256.1400146484375,-521.0800170898438,-65.6500015258789
35,1,35,-256.1400146484375,-521.0800170898438,-82.68000030517578
36,1,36,-256.1400146484375,-521.0800170898438,-99.69999694824219
37,1,37,-256.1400146484375,-521.0800170898438,-116.72000122070312
38,1,38,-256.1400146484375,-521.0800170898438,-133.74000549316406
39,1,39,-256.1400146484375,-521.0800170898438,-150.75999450683594
40,1,40,-256.1400146484375,-521.0800170898438,-167.77999877929688
41,1,41,-256.1400146484375,-521.0800170898438,-184.8000030517578
42,1,42,-256.1400146484375,-521.0800170898438,-201.82000732421875
43,1,43,-256.1400146484375,-521.0800170898438,-218.83999633789062
44,1,44,-256.1400146484375,-521.0800170898438,-235.86000061035156
45,1,45,-256.1400146484375,-521.0800170898438,-252.8800048828125
46,1,46,-256.1400146484375,-521.0800170898438,-269.8999938964844
47,1,47,-256.1400146484375,-521.0800170898438,-286.9200134277344
48,1,48,-256.1400146484375,-521.0800170898438,-303.95001220703125
49,1,49,-256.1400146484375,-521.0800170898438,-320.9700012207031
50,1,50,-256.1400146484375,-521.0800170898438,-337.989990234375
51,1,51,-256.1400146484375,-521.0800170898438,-355.010009765625
52,1,52,-256.1400146484375,-521.0800170898438,-372.0299987792969
53,1,53,-256.1400146484375,-521.0800170898438,-389.04998779296875
54,1,54,-256.1400146484375,-521.0800170898438,-406.07000732421875
55,1,55,-256.1400146484375,-521.0800170898438,-423.0899963378906
56,1,56,-256.1400146484375,-521.0800170898438,-440.1099853515625
57,1,57,-256.1400146484375,-521.0800170898438,-457.1300048828125
58,1,58,-256.1400146484375,-521.0800170898438,-474.1499938964844
59,1,59,-256.1400146484375,-521.0800170898438,-491.1700134277344
60,1,60,-256.1400146484375,-521.0800170898438,-504.3999938964844
61,1,61,-265.5799865722656,-497.6099853515625,1944.699951171875
62,1,62,-265.4800109863281,-498.17999267578125,1944.699951171875
63,1,63,-255.75999450683594,-495.7900085449219,1944.75
64,1,64,-255.63999938964844,-496.3500061035156,1944.75
65,2,1,-132.8000030517578,-501.45001220703125,500.07000732421875
66,2,2,-132.8000030517578,-501.45001220703125,483.04998779296875
67,2,3,-132.8000030517578,-501.45001220703125,466.0299987792969
68,2,4,-132.8000030517578,-501.45001220703125,449.010009765625
69,2,5,-132.8000030517578,-501.45001220703125,431.989990234375
70,2,6,-132.8000030517578,-501.45001220703125,414.9700012207031
71,2,7,-132.8000030517578,-501.45001220703125,397.95001220703125
72,2,8,-132.8000030517578,-501.45001220703125,380.92999267578125
73,2,9,-132.8000030517578,-501.45001220703125,363.9100036621094
74,2,10,-132.8000030517578,-501.45001220703125,346.8900146484375
75,2,11,-132.8000030517578,-501.45001220703125,329.8699951171875
76,2,12,-132.8000030517578,-501.45001220703125,312.8500061035156
77,2,13,-132.8000030517578,-501.45001220703125,295.8299865722656
78,2,14,-132.8000030517578,-501.45001220703125,278.79998779296875
79,2,15,-132.8000030517578,-501.45001220703125,261.7799987792969
80,2,16,-132.8000030517578,-501.45001220703125,244.75999450683594
81,2,17,-132.8000030517578,-501.45001220703125,227.74000549316406
82,2,18,-132.8000030517578,-501.45001220703125,210.72000122070312
83,2,19,-132.8000030517578,-501.45001220703125,193.6999969482422
84,2,20,-132.8000030517578,-501.45001220703125,176.67999267578125
85,2,21,-132.8000030517578,-501.45001220703125,159.66000366210938
86,2,22,-132.8000030517578,-501.45001220703125,142.63999938964844
87,2,23,-132.8000030517578,-501.45001220703125,125.62000274658203
88,2,24,-132.8000030517578,-501.45001220703125,108.5999984741211
89,2,25,-132.8000030517578,-501.45001220703125,91.58000183105469
90,2,26,-132.8000030517578,-501.45001220703125,74.55999755859375
91,2,27,-132.8000030517578,-501.45001220703125,57.540000915527344
92,2,28,-132.8000030517578,-501.45001220703125,40.5099983215332
93,2,29,-132.8000030517578,-501.45001220703125,23.489999771118164
94,2,30,-132.8000030517578,-501.45001220703125,6.46999979019165
95,2,31,-132.8000030517578,-501.45001220703125,-10.550000190734863
96,2,32,-132.8000030517578,-501.45001220703125,-27.56999969482422
97,2,33,-132.8000030517578,-501.45001220703125,-44.59000015258789
98,2,34,-132.8000030517578,-501.45001220703125,-61.61000061035156
99,2,35,-132.8000030517578,-501.45001220703125,-78.62999725341797
100,2,36,-132.8000030517578,-501.45001220703125,-95.6500015258789
101,2,37,-132.8000030517578,-501.45001220703125,-112.66999816894531
102,2,38,-132.8000030517578,-501.45001220703125,-129.69000244140625
103,2,39,-132.8000030517578,-501.45001220703125,-146.7100067138672
104,2,40,-132.8000030517578,-501.45001220703125,-163.72999572753906
105,2,41,-132.8000030517578,-501.45001220703125,-180.75999450683594
106,2,42,-132.8000030517578,-501.45001220703125,-197.77999877929688
107,2,43,-132.8000030517578,-501.45001220703125,-214.8000030517578
108,2,44,-132.8000030517578,-501.45001220703125,-231.82000732421875
109,2,45,-132.8000030517578,-501.45001220703125,-248.83999633789062
110,2,46,-132.8000030517578,-501.45001220703125,-265.8599853515625
111,2,47,-132.8000030517578,-501.45001220703125,-282.8800048828125
112,2,48,-132.8000030517578,-501.45001220703125,-299.8999938964844
113,2,49,-132.8000030517578,-501.45001220703125,-316.9200134277344
114,2,50,-132.8000030517578,-501.45001220703125,-333.94000244140625
115,2,51,-132.8000030517578,-501.45001220703125,-350.9599914550781
116,2,52,-132.8000030517578,-501.45001220703125,-367.9800109863281
117,2,53,-132.8000030517578,-501.45001220703125,-385.0
118,2,54,-132.8000030517578,-501.45001220703125,-402.0299987792969
119,2,55,-132.8000030517578,-501.45001220703125,-419.04998779296875
120,2,56,-132.8000030517578,-501.45001220703125,-436.07000732421875
121,2,57,-132.8000030517578,-501.45001220703125,-453.0899963378906
122,2,58,-132.8000030517578,-501.45001220703125,-470.1099853515625
123,2,59,-132.8000030517578,-501.45001220703125,-487.1300048828125
124,2,60,-132.8000030517578,-501.45001220703125,-504.1499938964844
125,2,61,-140.41000366210938,-477.4800109863281,1945.239990234375
126,2,62,-140.30999755859375,-478.04998779296875,1945.239990234375
127,2,63,-130.66000366210938,-476.2900085449219,1945.219970703125
128,2,64,-130.61000061035156,-476.8599853515625,1945.219970703125
129,3,1,-9.130000114440918,-481.739990234375,499.2300109863281
130,3,2,-9.130000114440918,-481.739990234375,482.2099914550781
131,3,3,-9.130000114440918,-481.739990234375,465.19000244140625
132,3,4,-9.130000114440918,-481.739990234375,448.1700134277344
133,3,5,-9.130000114440918,-481.739990234375,431.1499938964844
134,3,6,-9.130000114440918,-481.739990234375,414.1300048828125
135,3,7,-9.130000114440918,-481.739990234375,397.1099853515625
136,3,8,-9.130000114440918,-481.739990234375,380.0899963378906
137,3,9,-9.130000114440918,-481.739990234375,363.07000732421875
138,3,10,-9.130000114440918,-481.739990234375,346.04998779296875
139,3,11,-9.130000114440918,-481.739990234375,329.0299987792969
140,3,12,-9.130000114440918,-481.739990234375,312.010009765625
141,3,13,-9.130000114440918,-481.739990234375,294.989990234375
142,3,14,-9.130000114440918,-481.739990234375,277.9599914550781
143,3,15,-9.130000114440918,-481.739990234375,260.94000244140625
144,3,16,-9.130000114440918,-481.739990234375,243.9199981689453
145,3,17,-9.130000114440918,-481.739990234375,226.89999389648438
146,3,18,-9.130000114440918,-481.739990234375,209.8800048828125
147,3,19,-9.130000114440918,-481.739990234375,192.86000061035156
148,3,20,-9.130000114440918,-481.739990234375,175.83999633789062
149,3,21,-9.130000114440918,-481.739990234375,158.82000732421875
150,3,22,-9.130000114440918,-481.739990234375,141.8000030517578
151,3,23,-9.130000114440918,-481.739990234375,124.77999877929688
152,3,24,-9.130000114440918,-481.739990234375,107.76000213623047
153,3,25,-9.130000114440918,-481.739990234375,90.73999786376953
154,3,26,-9.130000114440918,-481.739990234375,73.72000122070312
155,3,27,-9.130000114440918,-481.739990234375,56.70000076293945
156,3,28,-9.130000114440918,-481.739990234375,39.66999816894531
157,3,29,-9.130000114440918,-481.739990234375,22.649999618530273
158,3,30,-9.130000114440918,-481.739990234375,5.630000114440918
159,3,31,-9.130000114440918,-481.739990234375,-11.390000343322754
160,3,32,-9.130000114440918,-481.739990234375,-28.40999984741211
161,3,33,-9.130000114440918,-481.739990234375,-45.43000030517578
162,3,34,-9.130000114440918,-481.739990234375,-62.45000076293945
163,3,35,-9.130000114440918,-481.739990234375,-79.47000122070312
164,3,36,-9.130000114440918,-481.739990234375,-96.48999786376953
165,3,37,-9.130000114440918,-481.739990234375,-113.51000213623047
166,3,38,-9.130000114440918,-481.739990234375,-130.52999877929688
167,3,39,-9.130000114440918,-481.739990234375,-147.5500030517578
168,3,40,-9.130000114440918,-481.739990234375,-164.57000732421875
169,3,41,-9.130000114440918,-481.739990234375,-181.60000610351562
170,3,42,-9.130000114440918,-481.739990234375,-198.6199951171875
171,3,43,-9.130000114440918,-481.739990234375,-215.63999938964844
172,3,44,-9.130000114440918,-481.739990234375,-232.66000366210938
173,3,45,-9.130000114440918,-481.739990234375,-249.67999267578125
174,3,46,-9.130000114440918,-481.739990234375,-266.70001220703125
175,3,47,-9.130000114440918,-481.739990234375,-283.7200012207031
176,3,48,-9.130000114440918,-481.739990234375,-300.739990234375
177,3,49,-9.130000114440918,-481.739990234375,-317.760009765625
178,3,50,-9.130000114440918,-481.739990234375,-334.7799987792969
179,3,51,-9.130000114440918,-481.739990234375,-351.79998779296875
180,3,52,-9.130000114440918,-481.739990234375,-368.82000732421875
181,3,53,-9.130000114440918,-481.739990234375,-385.8399963378906
182,3,54,-9.130000114440918,-481.739990234375,-402.8699951171875
183,3,55,-9.130000114440918,-481.739990234375,-419.8900146484375
184,3,56,-9.130000114440918,-481.739990234375,-436.9100036621094
185,3,57,-9.130000114440918,-481.739990234375,-453.92999267578125
186,3,58,-9.130000114440918,-481.739990234375,-470.95001220703125
187,3,59,-9.130000114440918,-481.739990234375,-487.9700012207031
188,3,60,-9.130000114440918,-481.739990234375,-504.989990234375
189,3,61,-27.899999618530273,-464.260009765625,1945.4100341796875
190,3,62,-27.540000915527344,-464.7200012207031,1945.4100341796875
191,3,63,-20.549999237060547,-458.7300109863281,1945.280029296875
192,3,64,-20.239999771118164,-459.2200012207031,1945.280029296875
193,4,1,114.38999938964844,-461.989990234375,498.6600036621094
194,4,2,114.38999938964844,-461.989990234375,481.6400146484375
195,4,3,114.38999938964844,-461.989990234375,464.6199951171875
196,4,4,114.38999938964844,-461.989990234375,447.6000061035156
197,4,5,114.38999938964844,-461.989990234375,430.5799865722656
198,4,6,114.38999938964844,-461.989990234375,413.55999755859375
199,4,7,114.38999938964844,-461.989990234375,396.5400085449219
200,4,8,114.38999938964844,-461.989990234375,379.5199890136719
201,4,9,114.38999938964844,-461.989990234375,362.5
202,4,10,114.38999938964844,-461.989990234375,345.4800109863281
203,4,11,114.38999938964844,-461.989990234375,328.4599914550781
204,4,12,114.38999938964844,-461.989990234375,311.44000244140625
205,4,13,114.38999938964844,-461.989990234375,294.4200134277344
206,4,14,114.38999938964844,-461.989990234375,277.3900146484375
207,4,15,114.38999938964844,-461.989990234375,260.3699951171875
208,4,16,114.38999938964844,-461.989990234375,243.35000610351562
209,4,17,114.38999938964844,-461.989990234375,226.3300018310547
210,4,18,114.38999938964844,-461.989990234375,209.30999755859375
211,4,19,114.38999938964844,-461.989990234375,192.2899932861328
212,4,20,114.38999938964844,-461.989990234375,175.27000427246094
213,4,21,114.38999938964844,-461.989990234375,158.25
214,4,22,114.38999938964844,-461.989990234375,141.22999572753906
215,4,23,114.38999938964844,-461.989990234375,124.20999908447266
216,4,24,114.38999938964844,-461.989990234375,107.19000244140625
217,4,25,114.38999938964844,-461.989990234375,90.16999816894531
218,4,26,114.38999938964844,-461.989990234375,73.1500015258789
219,4,27,114.38999938964844,-461.989990234375,56.130001068115234
220,4,28,114.38999938964844,-461.989990234375,39.099998474121094
221,4,29,114.38999938964844,-461.989990234375,22.079999923706055
222,4,30,114.38999938964844,-461.989990234375,5.059999942779541
223,4,31,114.38999938964844,-461.989990234375,-11.960000038146973
224,4,32,114.38999938964844,-461.989990234375,-28.979999542236328
225,4,33,114.38999938964844,-461.989990234375,-46.0
226,4,34,114.38999938964844,-461.989990234375,-63.02000045776367
227,4,35,114.38999938964844,-461.989990234375,-80.04000091552734
228,4,36,114.38999938964844,-461.989990234375,-97.05999755859375
229,4,37,114.38999938964844,-461.989990234375,-114.08000183105469
230,4,38,114.38999938964844,-461.989990234375,-131.10000610351562
231,4,39,114.38999938964844,-461.989990234375,-148.1199951171875
232,4,40,114.38999938964844,-461.989990234375,-165.13999938964844
233,4,41,114.38999938964844,-461.989990234375,-182.1699981689453
234,4,42,114.38999938964844,-461.989990234375,-199.19000244140625
235,4,43,114.38999938964844,-461.989990234375,-216.2100067138672
236,4,44,114.38999938964844,-461.989990234375,-233.22999572753906
237,4,45,114.38999938964844,-461.989990234375,-250.25
238,4,46,114.38999938964844,-461.989990234375,-267.2699890136719
239,4,47,114.38999938964844,-461.989990234375,-284.2900085449219
240,4,48,114.38999938964844,-461.989990234375,-301.30999755859375
241,4,49,114.38999938964844,-461.989990234375,-318.3299865722656
242,4,50,114.38999938964844,-461.989990234375,-335.3500061035156
243,4,51,114.38999938964844,-461.989990234375,-352.3699951171875
244,4,52,114.38999938964844,-461.989990234375,-369.3900146484375
245,4,53,114.38999938964844,-461.989990234375,-386.4100036621094
246,4,54,114.38999938964844,-461.989990234375,-403.44000244140625
247,4,55,114.38999938964844,-461.989990234375,-420.4599914550781
248,4,56,114.38999938964844,-461.989990234375,-437.4800109863281
249,4,57,114.38999938964844,-461.989990234375,-454.5
250,4,58,114.38999938964844,-461.989990234375,-471.5199890136719
251,4,59,114.38999938964844,-461.989990234375,-488.5400085449219
252,4,60,114.38999938964844,-461.989990234375,-505.55999755859375
253,4,61,105.5999984741211,-438.4200134277344,1945.1500244140625
254,4,62,105.70999908447266,-438.989990234375,1945.1500244140625
255,4,63,115.19999694824219,-436.5799865722656,1945.3800048828125
256,4,64,115.33000183105469,-437.1499938964844,1945.3800048828125
257,5,1,237.77999877929688,-442.4200134277344,501.4599914550781
258,5,2,237.77999877929688,-442.4200134277344,484.44000244140625
259,5,3,237.77999877929688,-442.4200134277344,467.4200134277344
260,5,4,237.77999877929688,-442.4200134277344,450.3999938964844
261,5,5,237.77999877929688,-442.4200134277344,433.3800048828125
262,5,6,237.77999877929688,-442.4200134277344,416.3599853515625
263,5,7,237.77999877929688,-442.4200134277344,399.3399963378906
264,5,8,237.77999877929688,-442.4200134277344,382.32000732421875
265,5,9,237.77999877929688,-442.4200134277344,365.29998779296875
266,5,10,237.77999877929688,-442.4200134277344,348.2799987792969
267,5,11,237.77999877929688,-442.4200134277344,331.260009765625
268,5,12,237.77999877929688,-442.4200134277344,314.239990234375
269,5,13,237.77999877929688,-442.4200134277344,297.2200012207031
270,5,14,237.77999877929688,-442.4200134277344,280.19000244140625
271,5,15,237.77999877929688,-442.4200134277344,263.1700134277344
272,5,16,237.77999877929688,-442.4200134277344,246.14999389648438
273,5,17,237.77999877929688,-442.4200134277344,229.1300048828125
274,5,18,237.77999877929688,-442.4200134277344,212.11000061035156
275,5,19,237.77999877929688,-442.4200134277344,195.08999633789062
276,5,20,237.77999877929688,-442.4200134277344,178.07000732421875
277,5,21,237.77999877929688,-442.4200134277344,161.0500030517578
278,5,22,237.77999877929688,-442.4200134277344,144.02999877929688
279,5,23,237.77999877929688,-442.4200134277344,127.01000213623047
280,5,24,237.77999877929688,-442.4200134277344,109.98999786376953
281,5,25,237.77999877929688,-442.4200134277344,92.97000122070312
282,5,26,237.77999877929688,-442.4200134277344,75.94999694824219
283,5,27,237.77999877929688,-442.4200134277344,58.93000030517578
284,5,28,237.77999877929688,-442.4200134277344,41.900001525878906
285,5,29,237.77999877929688,-442.4200134277344,24.8799991607666
286,5,30,237.77999877929688,-442.4200134277344,7.860000133514404
287,5,31,237.77999877929688,-442.4200134277344,-9.15999984741211
288,5,32,237.77999877929688,-442.4200134277344,-26.18000030517578
289,5,33,237.77999877929688,-442.4200134277344,-43.20000076293945
290,5,34,237.77999877929688,-442.4200134277344,-60.220001220703125
291,5,35,237.77999877929688,-442.4200134277344,-77.23999786376953
292,5,36,237.77999877929688,-442.4200134277344,-94.26000213623047
293,5,37,237.77999877929688,-442.4200134277344,-111.27999877929688
294,5,38,237.77999877929688,-442.4200134277344,-128.3000030517578
295,5,39,237.77999877929688,-442.4200134277344,-145.32000732421875
296,5,40,237.77999877929688,-442.4200134277344,-162.33999633789062
297,5,41,237.77999877929688,-442.4200134277344,-179.3699951171875
298,5,42,237.77999877929688,-442.4200134277344,-196.38999938964844
299,5,43,237.77999877929688,-442.4200134277344,-213.41000366210938
300,5,44,237.77999877929688,-442.4200134277344,-230.42999267578125
301,5,45,237.77999877929688,-442.4200134277344,-247.4499969482422
302,5,46,237.77999877929688,-442.4200134277344,-264.4700012207031
303,5,47,237.77999877929688,-442.4200134277344,-281.489990234375
304,5,48,237.77999877929688,-442.4200134277344,-298.510009765625
305,5,49,237.77999877929688,-442.4200134277344,-315.5299987792969
306,5,50,237.77999877929688,-442.4200134277344,-332.54998779296875
307,5,51,237.77999877929688,-442.4200134277344,-349.57000732421875
308,5,52,237.77999877929688,-442.4200134277344,-366.5899963378906
309,5,53,237.77999877929688,-442.4200134277344,-383.6099853515625
310,5,54,237.77999877929688,-442.4200134277344,-400.6400146484375
311,5,55,237.77999877929688,-442.4200134277344,-417.6600036621094
312,5,56,237.77999877929688,-442.4200134277344,-434.67999267578125
313,5,57,237.77999877929688,-442.4200134277344,-451.70001220703125
314,5,58,237.77999877929688,-442.4200134277344,-468.7200012207031
315,5,59,237.77999877929688,-442.4200134277344,-485.739990234375
316,5,60,237.77999877929688,-442.4200134277344,-502.760009765625
317,5,61,214.5,-432.25,1945.3199462890625
318,5,62,214.97999572753906,-432.57000732421875,1945.3199462890625
319,5,63,219.66000366210938,-424.5299987792969,1945.4599609375
320,5,64,220.14999389648438,-424.8399963378906,1945.4599609375
321,6,1,361.0,-422.8299865722656,499.510009765625
322,6,2,361.0,-422.8299865722656,482.489990234375
323,6,3,361.0,-422.8299865722656,465.4700012207031
324,6,4,361.0,-422.8299865722656,448.45001220703125
325,6,5,361.0,-422.8299865722656,431.42999267578125
326,6,6,361.0,-422.8299865722656,414.4100036621094
327,6,7,361.0,-422.8299865722656,397.3900146484375
328,6,8,361.0,-422.8299865722656,380.3699951171875
329,6,9,361.0,-422.8299865722656,363.3500061035156
330,6,10,361.0,-422.8299865722656,346.3299865722656
331,6,11,361.0,-422.8299865722656,329.30999755859375
332,6,12,361.0,-422.8299865722656,312.2900085449219
333,6,13,361.0,-422.8299865722656,295.2699890136719
334,6,14,361.0,-422.8299865722656,278.239990234375
335,6,15,361.0,-422.8299865722656,261.2200012207031
336,6,16,361.0,-422.8299865722656,244.1999969482422
337,6,17,361.0,-422.8299865722656,227.17999267578125
338,6,18,361.0,-422.8299865722656,210.16000366210938
339,6,19,361.0,-422.8299865722656,193.13999938964844
340,6,20,361.0,-422.8299865722656,176.1199951171875
341,6,21,361.0,-422.8299865722656,159.10000610351562
342,6,22,361.0,-422.8299865722656,142.0800018310547
343,6,23,361.0,-422.8299865722656,125.05999755859375
344,6,24,361.0,-422.8299865722656,108.04000091552734
345,6,25,361.0,-422.8299865722656,91.0199966430664
346,6,26,361.0,-422.8299865722656,74.0
347,6,27,361.0,-422.8299865722656,56.97999954223633
348,6,28,361.0,-422.8299865722656,39.95000076293945
349,6,29,361.0,-422.8299865722656,22.93000030517578
350,6,30,361.0,-422.8299865722656,5.909999847412109
351,6,31,361.0,-422.8299865722656,-11.109999656677246
352,6,32,361.0,-422.8299865722656,-28.1299991607666
353,6,33,361.0,-422.8299865722656,-45.150001525878906
354,6,34,361.0,-422.8299865722656,-62.16999816894531
355,6,35,361.0,-422.8299865722656,-79.19000244140625
356,6,36,361.0,-422.8299865722656,-96.20999908447266
357,6,37,361.0,-422.8299865722656,-113.2300033569336
358,6,38,361.0,-422.8299865722656,-130.25
359,6,39,361.0,-422.8299865722656,-147.27000427246094
360,6,40,361.0,-422.8299865722656,-164.2899932861328
361,6,41,361.0,-422.8299865722656,-181.32000732421875
362,6,42,361.0,-422.8299865722656,-198.33999633789062
363,6,43,361.0,-422.8299865722656,-215.36000061035156
364,6,44,361.0,-422.8299865722656,-232.3800048828125
365,6,45,361.0,-422.8299865722656,-249.39999389648438
366,6,46,361.0,-422.8299865722656,-266.4200134277344
367,6,47,361.0,-422.8299865722656,-283.44000244140625
368,6,48,361.0,-422.8299865722656,-300.4599914550781
369,6,49,361.0,-422.8299865722656,-317.4800109863281
370,6,50,361.0,-422.8299865722656,-334.5
371,6,51,361.0,-422.8299865722656,-351.5199890136719
372,6,52,361.0,-422.8299865722656,-368.5400085449219
373,6,53,361.0,-422.8299865722656,-385.55999755859375
374,6,54,361.0,-422.8299865722656,-402.5899963378906
375,6,55,361.0,-422.8299865722656,-419.6099853515625
376,6,56,361.0,-422.8299865722656,-436.6300048828125
377,6,57,361.0,-422.8299865722656,-453.6499938964844
378,6,58,361.0,-422.8299865722656,-470.6700134277344
379,6,59,361.0,-422.8299865722656,-487.69000244140625
380,6,60,361.0,-422.8299865722656,-504.7099914550781
381,6,61,356.6000061035156,-397.8399963378906,1946.3800048828125
382,6,62,356.6000061035156,-398.4200134277344,1946.3800048828125
383,6,63,366.2099914550781,-398.0899963378906,1946.43994140625
384,6,64,366.2200012207031,-398.6700134277344,1946.43994140625
385,7,1,-334.79998779296875,-424.5,500.5899963378906
386,7,2,-334.79998779296875,-424.5,483.57000732421875
387,7,3,-334.79998779296875,-424.5,466.54998779296875
388,7,4,-334.79998779296875,-424.5,449.5299987792969
389,7,5,-334.79998779296875,-424.5,432.510009765625
390,7,6,-334.79998779296875,-424.5,415.489990234375
391,7,7,-334.79998779296875,-424.5,398.4700012207031
392,7,8,-334.79998779296875,-424.5,381.45001220703125
393,7,9,-334.79998779296875,-424.5,364.42999267578125
394,7,10,-334.79998779296875,-424.5,347.4100036621094
395,7,11,-334.79998779296875,-424.5,330.3900146484375
396,7,12,-334.79998779296875,-424.5,313.3699951171875
397,7,13,-334.79998779296875,-424.5,296.3500061035156
398,7,14,-334.79998779296875,-424.5,279.32000732421875
399,7,15,-334.79998779296875,-424.5,262.29998779296875
400,7,16,-334.79998779296875,-424.5,245.27999877929688
401,7,17,-334.79998779296875,-424.5,228.25999450683594
402,7,18,-334.79998779296875,-424.5,211.24000549316406
403,7,19,-334.79998779296875,-424.5,194.22000122070312
404,7,20,-334.79998779296875,-424.5,177.1999969482422
405,7,21,-334.79998779296875,-424.5,160.17999267578125
406,7,22,-334.79998779296875,-424.5,143.16000366210938
407,7,23,-334.79998779296875,-424.5,126.13999938964844
408,7,24,-334.79998779296875,-424.5,109.12000274658203
409,7,25,-334.79998779296875,-424.5,92.0999984741211
410,7,26,-334.79998779296875,-424.5,75.08000183105469
411,7,27,-334.79998779296875,-424.5,58.060001373291016
412,7,28,-334.79998779296875,-424.5,41.029998779296875
413,7,29,-334.79998779296875,-424.5,24.010000228881836
414,7,30,-334.79998779296875,-424.5,6.989999771118164
415,7,31,-334.79998779296875,-424.5,-10.029999732971191
416,7,32,-334.79998779296875,-424.5,-27.049999237060547
417,7,33,-334.79998779296875,-424.5,-44.06999969482422
418,7,34,-334.79998779296875,-424.5,-61.09000015258789
419,7,35,-334.79998779296875,-424.5,-78.11000061035156
420,7,36,-334.79998779296875,-424.5,-95.12999725341797
421,7,37,-334.79998779296875,-424.5,-112.1500015258789
422,7,38,-334.79998779296875,-424.5,-129.1699981689453
423,7,39,-334.79998779296875,-424.5,-146.19000244140625
424,7,40,-334.79998779296875,-424.5,-163.2100067138672
425,7,41,-334.79998779296875,-424.5,-180.24000549316406
426,7,42,-334.79998779296875,-424.5,-197.25999450683594
427,7,43,-334.79998779296875,-424.5,-214.27999877929688
428,7,44,-334.79998779296875,-424.5,-231.3000030517578
429,7,45,-334.79998779296875,-424.5,-248.32000732421875
430,7,46,-334.79998779296875,-424.5,-265.3399963378906
431,7,47,-334.79998779296875,-424.5,-282.3599853515625
432,7,48,-334.79998779296875,-424.5,-299.3800048828125
433,7,49,-334.79998779296875,-424.5,-316.3999938964844
434,7,50,-334.79998779296875,-424.5,-333.4200134277344
435,7,51,-334.79998779296875,-424.5,-350.44000244140625
436,7,52,-334.79998779296875,-424.5,-367.4599914550781
437,7,53,-334.79998779296875,-424.5,-384.4800109863281
438,7,54,-334.79998779296875,-424.5,-401.510009765625
439,7,55,-334.79998779296875,-424.5,-418.5299987792969
440,7,56,-334.79998779296875,-424.5,-435.54998779296875
441,7,57,-334.79998779296875,-424.5,-452.57000732421875
442,7,58,-334.79998779296875,-424.5,-469.5899963378906
443,7,59,-334.79998779296875,-424.5,-486.6099853515625
444,7,60,-334.79998779296875,-424.5,-503.6300048828125
445,7,61,-344.0899963378906,-400.19000244140625,1945.3800048828125
446,7,62,-344.010009765625,-400.760009765625,1945.3800048828125
447,7,63,-334.3699951171875,-398.7200012207031,1945.1300048828125
448,7,64,-334.2799987792969,-399.2900085449219,1945.1300048828125
449,8,1,-211.35000610351562,-404.4800109863281,498.6300048828125
450,8,2,-211.35000610351562,-404.4800109863281,481.6099853515625
451,8,3,-211.35000610351562,-404.4800109863281,464.5899963378906
452,8,4,-211.35000610351562,-404.4800109863281,447.55999755859375
453,8,5,-211.35000610351562,-404.4800109863281,430.5400085449219
454,8,6,-211.35000610351562,-404.4800109863281,413.5199890136719
455,8,7,-211.35000610351562,-404.4800109863281,396.5
456,8,8,-211.35000610351562,-404.4800109863281,379.4800109863281
457,8,9,-211.35000610351562,-404.4800109863281,362.4599914550781
458,8,10,-211.35000610351562,-404.4800109863281,345.44000244140625
459,8,11,-211.35000610351562,-404.4800109863281,328.4200134277344
460,8,12,-211.35000610351562,-404.4800109863281,311.3999938964844
461,8,13,-211.35000610351562,-404.4800109863281,294.3800048828125
462,8,14,-211.35000610351562,-404.4800109863281,277.3599853515625
463,8,15,-211.35000610351562,-404.4800109863281,260.3399963378906
464,8,16,-211.35000610351562,-404.4800109863281,243.32000732421875
465,8,17,-211.35000610351562,-404.4800109863281,226.2899932861328
466,8,18,-211.35000610351562,-404.4800109863281,209.27000427246094
467,8,19,-211.35000610351562,-404.4800109863281,192.25
468,8,20,-211.35000610351562,-404.4800109863281,175.22999572753906
469,8,21,-211.35000610351562,-404.4800109863281,158.2100067138672
470,8,22,-211.35000610351562,-404.4800109863281,141.19000244140625
471,8,23,-211.35000610351562,-404.4800109863281,124.16999816894531
472,8,24,-211.35000610351562,-404.4800109863281,107.1500015258789
473,8,25,-211.35000610351562,-404.4800109863281,90.12999725341797
474,8,26,-211.35000610351562,-404.4800109863281,73.11000061035156
475,8,27,-211.35000610351562,-404.4800109863281,56.09000015258789
476,8,28,-211.35000610351562,-404.4800109863281,39.06999969482422
477,8,29,-211.35000610351562,-404.4800109863281,22.049999237060547
478,8,30,-211.35000610351562,-404.4800109863281,5.019999980926514
479,8,31,-211.35000610351562,-404.4800109863281,-12.0
480,8,32,-211.35000610351562,-404.4800109863281,-29.020000457763672
481,8,33,-211.35000610351562,-404.4800109863281,-46.040000915527344
482,8,34,-211.35000610351562,-404.4800109863281,-63.060001373291016
483,8,35,-211.35000610351562,-404.4800109863281,-80.08000183105469
484,8,36,-211.35000610351562,-404.4800109863281,-97.0999984741211
485,8,37,-211.35000610351562,-404.4800109863281,-114.12000274658203
486,8,38,-211.35000610351562,-404.4800109863281,-131.13999938964844
487,8,39,-211.35000610351562,-404.4800109863281,-148.16000366210938
488,8,40,-211.35000610351562,-404.4800109863281,-165.17999267578125
489,8,41,-211.35000610351562,-404.4800109863281,-182.1999969482422
490,8,42,-211.35000610351562,-404.4800109863281,-199.22000122070312
491,8,43,-211.35000610351562,-404.4800109863281,-216.24000549316406
492,8,44,-211.35000610351562,-404.4800109863281,-233.27000427246094
493,8,45,-211.35000610351562,-404.4800109863281,-250.2899932861328
494,8,46,-211.35000610351562,-404.4800109863281,-267.30999755859375
495,8,47,-211.35000610351562,-404.4800109863281,-284.3299865722656
496,8,48,-211.35000610351562,-404.4800109863281,-301.3500061035156
497,8,49,-211.35000610351562,-404.4800109863281,-318.3699951171875
498,8,50,-211.35000610351562,-404.4800109863281,-335.3900146484375
499,8,51,-211.35000610351562,-404.4800109863281,-352.4100036621094
500,8,52,-211.35000610351562,-404.4800109863281,-369.42999267578125
501,8,53,-211.35000610351562,-404.4800109863281,-386.45001220703125
502,8,54,-211.35000610351562,-404.4800109863281,-403.4700012207031
503,8,55,-211.35000610351562,-404.4800109863281,-420.489990234375
504,8,56,-211.35000610351562,-404.4800109863281,-437.510009765625
505,8,57,-211.35000610351562,-404.4800109863281,-454.5400085449219
506,8,58,-211.35000610351562,-404.4800109863281,-471.55999755859375
507,8,59,-211.35000610351562,-404.4800109863281,-490.3800048828125
508,8,60,-211.35000610351562,-404.4800109863281,-507.3999938964844
509,8,61,-231.4199981689453,-389.0400085449219,1944.969970703125
510,8,62,-231.02999877929688,-389.4800109863281,1944.969970703125
511,8,63,-224.3800048828125,-382.7300109863281,1945.050048828125
512,8,64,-223.99000549316406,-383.1600036621094,1945.050048828125
513,9,1,-88.05000305175781,-384.29998779296875,500.0199890136719
514,9,2,-88.05000305175781,-384.29998779296875,482.989990234375
515,9,3,-88.05000305175781,-384.29998779296875,465.9700012207031
516,9,4,-88.05000305175781,-384.29998779296875,448.95001220703125
517,9,5,-88.05000305175781,-384.29998779296875,431.92999267578125
518,9,6,-88.05000305175781,-384.29998779296875,414.9100036621094
519,9,7,-88.05000305175781,-384.29998779296875,397.8900146484375
520,9,8,-88.05000305175781,-384.29998779296875,380.8699951171875
521,9,9,-88.05000305175781,-384.29998779296875,363.8500061035156
522,9,10,-88.05000305175781,-384.29998779296875,346.8299865722656
523,9,11,-88.05000305175781,-384.29998779296875,329.80999755859375
524,9,12,-88.05000305175781,-384.29998779296875,312.7900085449219
525,9,13,-88.05000305175781,-384.29998779296875,295.7699890136719
526,9,14,-88.05000305175781,-384.29998779296875,278.75
527,9,15,-88.05000305175781,-384.29998779296875,261.7200012207031
528,9,16,-88.05000305175781,-384.29998779296875,244.6999969482422
529,9,17,-88.05000305175781,-384.29998779296875,227.67999267578125
530,9,18,-88.05000305175781,-384.29998779296875,210.66000366210938
531,9,19,-88.05000305175781,-384.29998779296875,193.63999938964844
532,9,20,-88.05000305175781,-384.29998779296875,176.6199951171875
533,9,21,-88.05000305175781,-384.29998779296875,159.60000610351562
534,9,22,-88.05000305175781,-384.29998779296875,142.5800018310547
535,9,23,-88.05000305175781,-384.29998779296875,125.55999755859375
536,9,24,-88.05000305175781,-384.29998779296875,108.54000091552734
537,9,25,-88.05000305175781,-384.29998779296875,91.5199966430664
538,9,26,-88.05000305175781,-384.29998779296875,74.5
539,9,27,-88.05000305175781,-384.29998779296875,57.47999954223633
540,9,28,-88.05000305175781,-384.29998779296875,40.459999084472656
541,9,29,-88.05000305175781,-384.29998779296875,23.43000030517578
542,9,30,-88.05000305175781,-384.29998779296875,6.409999847412109
543,9,31,-88.05000305175781,-384.29998779296875,-10.609999656677246
544,9,32,-88.05000305175781,-384.29998779296875,-27.6299991607666
545,9,33,-88.05000305175781,-384.29998779296875,-44.650001525878906
546,9,34,-88.05000305175781,-384.29998779296875,-61.66999816894531
547,9,35,-88.05000305175781,-384.29998779296875,-78.69000244140625
548,9,36,-88.05000305175781,-384.29998779296875,-95.70999908447266
549,9,37,-88.05000305175781,-384.29998779296875,-112.7300033569336
550,9,38,-88.05000305175781,-384.29998779296875,-129.75
551,9,39,-88.05000305175781,-384.29998779296875,-146.77000427246094
552,9,40,-88.05000305175781,-384.29998779296875,-163.7899932861328
553,9,41,-88.05000305175781,-384.29998779296875,-180.80999755859375
554,9,42,-88.05000305175781,-384.29998779296875,-197.83999633789062
555,9,43,-88.05000305175781,-384.29998779296875,-214.86000061035156
556,9,44,-88.05000305175781,-384.29998779296875,-231.8800048828125
557,9,45,-88.05000305175781,-384.29998779296875,-248.89999389648438
558,9,46,-88.05000305175781,-384.29998779296875,-265.9200134277344
559,9,47,-88.05000305175781,-384.29998779296875,-282.94000244140625
560,9,48,-88.05000305175781,-384.29998779296875,-299.9599914550781
561,9,49,-88.05000305175781,-384.29998779296875,-316.9800109863281
562,9,50,-88.05000305175781,-384.29998779296875,-334.0
563,9,51,-88.05000305175781,-384.29998779296875,-351.0199890136719
564,9,52,-88.05000305175781,-384.29998779296875,-368.0400085449219
565,9,53,-88.05000305175781,-384.29998779296875,-385.05999755859375
566,9,54,-88.05000305175781,-384.29998779296875,-402.0799865722656
567,9,55,-88.05000305175781,-384.29998779296875,-419.1099853515625
568,9,56,-88.05000305175781,-384.29998779296875,-436.1300048828125
569,9,57,-88.05000305175781,-384.29998779296875,-453.1499938964844
570,9,58,-88.05000305175781,-384.29998779296875,-470.1700134277344
571,9,59,-88.05000305175781,-384.29998779296875,-487.19000244140625
572,9,60,-88.05000305175781,-384.29998779296875,-504.8299865722656
573,9,61,-85.12999725341797,-359.45001220703125,1944.9000244140625
574,9,62,-85.26000213623047,-360.010009765625,1944.9000244140625
575,9,63,-75.98999786376953,-362.1600036621094,1945.0
576,9,64,-76.13999938964844,-362.7200012207031,1945.0
577,10,1,35.540000915527344,-364.8299865722656,497.7099914550781
578,10,2,35.540000915527344,-364.8299865722656,480.69000244140625
579,10,3,35.540000915527344,-364.8299865722656,463.6700134277344
580,10,4,35.540000915527344,-364.8299865722656,446.6499938964844
581,10,5,35.540000915527344,-364.8299865722656,429.6300048828125
582,10,6,35.540000915527344,-364.8299865722656,412.6099853515625
583,10,7,35.540000915527344,-364.8299865722656,395.5899963378906
584,10,8,35.540000915527344,-364.8299865722656,378.57000732421875
585,10,9,35.540000915527344,-364.8299865722656,361.54998779296875
586,10,10,35.540000915527344,-364.8299865722656,344.5299987792969
587,10,11,35.540000915527344,-364.8299865722656,327.510009765625
588,10,12,35.540000915527344,-364.8299865722656,310.489990234375
589,10,13,35.540000915527344,-364.8299865722656,293.4700012207031
590,10,14,35.540000915527344,-364.8299865722656,276.44000244140625
591,10,15,35.540000915527344,-364.8299865722656,259.4200134277344
592,10,16,35.540000915527344,-364.8299865722656,242.39999389648438
593,10,17,35.540000915527344,-364.8299865722656,225.3800048828125
594,10,18,35.540000915527344,-364.8299865722656,208.36000061035156
595,10,19,35.540000915527344,-364.8299865722656,191.33999633789062
596,10,20,35.540000915527344,-364.8299865722656,174.32000732421875
597,10,21,35.540000915527344,-364.8299865722656,157.3000030517578
598,10,22,35.540000915527344,-364.8299865722656,140.27999877929688
599,10,23,35.540000915527344,-364.8299865722656,123.26000213623047
600,10,24,35.540000915527344,-364.8299865722656,106.23999786376953
601,10,25,35.540000915527344,-364.8299865722656,89.22000122070312
602,10,26,35.540000915527344,-364.8299865722656,72.19999694824219
603,10,27,35.540000915527344,-364.8299865722656,55.18000030517578
604,10,28,35.540000915527344,-364.8299865722656,38.150001525878906
605,10,29,35.540000915527344,-364.8299865722656,21.1299991607666
606,10,30,35.540000915527344,-364.8299865722656,4.110000133514404
607,10,31,35.540000915527344,-364.8299865722656,-12.90999984741211
608,10,32,35.540000915527344,-364.8299865722656,-29.93000030517578
609,10,33,35.540000915527344,-364.8299865722656,-46.95000076293945
610,10,34,35.540000915527344,-364.8299865722656,-63.970001220703125
611,10,35,35.540000915527344,-364.8299865722656,-80.98999786376953
612,10,36,35.540000915527344,-364.8299865722656,-98.01000213623047
613,10,37,35.540000915527344,-364.8299865722656,-115.02999877929688
614,10,38,35.540000915527344,-364.8299865722656,-132.0500030517578
615,10,39,35.540000915527344,-364.8299865722656,-149.07000732421875
616,10,40,35.540000915527344,-364.8299865722656,-166.08999633789062
617,10,41,35.540000915527344,-364.8299865722656,-183.1199951171875
618,10,42,35.540000915527344,-364.8299865722656,-200.13999938964844
619,10,43,35.540000915527344,-364.8299865722656,-217.16000366210938
620,10,44,35.540000915527344,-364.8299865722656,-234.17999267578125
621,10,45,35.540000915527344,-364.8299865722656,-251.1999969482422
622,10,46,35.540000915527344,-364.8299865722656,-268.2200012207031
623,10,47,35.540000915527344,-364.8299865722656,-285.239990234375
624,10,48,35.540000915527344,-364.8299865722656,-302.260009765625
625,10,49,35.540000915527344,-364.8299865722656,-319.2799987792969
626,10,50,35.540000915527344,-364.8299865722656,-336.29998779296875
627,10,51,35.540000915527344,-364.8299865722656,-353.32000732421875
628,10,52,35.540000915527344,-364.8299865722656,-370.3399963378906
629,10,53,35.540000915527344,-364.8299865722656,-387.3599853515625
630,10,54,35.540000915527344,-364.8299865722656,-404.3900146484375
631,10,55,35.540000915527344,-364.8299865722656,-421.4100036621094
632,10,56,35.540000915527344,-364.8299865722656,-438.42999267578125
633,10,57,35.540000915527344,-364.8299865722656,-455.45001220703125
634,10,58,35.540000915527344,-364.8299865722656,-472.4700012207031
635,10,59,35.540000915527344,-364.8299865722656,-489.489990234375
636,10,60,35.540000915527344,-364.8299865722656,-506.510009765625
637,10,61,25.0,-342.20001220703125,1944.969970703125
638,10,62,25.190000534057617,-342.739990234375,1944.969970703125
639,10,63,34.439998626708984,-339.4700012207031,1945.0699462890625
640,10,64,34.61000061035156,-340.0199890136719,1945.0699462890625
641,11,1,158.94000244140625,-345.2300109863281,499.8299865722656
642,11,2,158.94000244140625,-345.2300109863281,482.80999755859375
643,11,3,158.94000244140625,-345.2300109863281,465.7900085449219
644,11,4,158.94000244140625,-345.2300109863281,448.7699890136719
645,11,5,158.94000244140625,-345.2300109863281,431.75
646,11,6,158.94000244140625,-345.2300109863281,414.7300109863281
647,11,7,158.94000244140625,-345.2300109863281,397.7099914550781
648,11,8,158.94000244140625,-345.2300109863281,380.69000244140625
649,11,9,158.94000244140625,-345.2300109863281,363.6700134277344
650,11,10,158.94000244140625,-345.2300109863281,346.6499938964844
651,11,11,158.94000244140625,-345.2300109863281,329.6300048828125
652,11,12,158.94000244140625,-345.2300109863281,312.6099853515625
653,11,13,158.94000244140625,-345.2300109863281,295.5899963378906
654,11,14,158.94000244140625,-345.2300109863281,278.55999755859375
655,11,15,158.94000244140625,-345.2300109863281,261.5400085449219
656,11,16,158.94000244140625,-345.2300109863281,244.52000427246094
657,11,17,158.94000244140625,-345.2300109863281,227.5
658,11,18,158.94000244140625,-345.2300109863281,210.47999572753906
659,11,19,158.94000244140625,-345.2300109863281,193.4600067138672
660,11,20,158.94000244140625,-345.2300109863281,176.44000244140625
661,11,21,158.94000244140625,-345.2300109863281,159.4199981689453
662,11,22,158.94000244140625,-345.2300109863281,142.39999389648438
663,11,23,158.94000244140625,-345.2300109863281,125.37999725341797
664,11,24,158.94000244140625,-345.2300109863281,108.36000061035156
665,11,25,158.94000244140625,-345.2300109863281,91.33999633789062
666,11,26,158.94000244140625,-345.2300109863281,74.31999969482422
667,11,27,158.94000244140625,-345.2300109863281,57.29999923706055
668,11,28,158.94000244140625,-345.2300109863281,40.27000045776367
669,11,29,158.94000244140625,-345.2300109863281,23.25
670,11,30,158.94000244140625,-345.2300109863281,6.230000019073486
671,11,31,158.94000244140625,-345.2300109863281,-10.789999961853027
672,11,32,158.94000244140625,-345.2300109863281,-27.809999465942383
673,11,33,158.94000244140625,-345.2300109863281,-44.83000183105469
674,11,34,158.94000244140625,-345.2300109863281,-61.849998474121094
675,11,35,158.94000244140625,-345.2300109863281,-78.87000274658203
676,11,36,158.94000244140625,-345.2300109863281,-95.88999938964844
677,11,37,158.94000244140625,-345.2300109863281,-112.91000366210938
678,11,38,158.94000244140625,-345.2300109863281,-129.92999267578125
679,11,39,158.94000244140625,-345.2300109863281,-146.9499969482422
680,11,40,158.94000244140625,-345.2300109863281,-163.97000122070312
681,11,41,158.94000244140625,-345.2300109863281,-181.0
682,11,42,158.94000244140625,-345.2300109863281,-198.02000427246094
683,11,43,158.94000244140625,-345.2300109863281,-215.0399932861328
684,11,44,158.94000244140625,-345.2300109863281,-232.05999755859375
685,11,45,158.94000244140625,-345.2300109863281,-249.0800018310547
686,11,46,158.94000244140625,-345.2300109863281,-266.1000061035156
687,11,47,158.94000244140625,-345.2300109863281,-283.1199951171875
688,11,48,158.94000244140625,-345.2300109863281,-300.1400146484375
689,11,49,158.94000244140625,-345.2300109863281,-317.1600036621094
690,11,50,158.94000244140625,-345.2300109863281,-334.17999267578125
691,11,51,158.94000244140625,-345.2300109863281,-351.20001220703125
692,11,52,158.94000244140625,-345.2300109863281,-368.2200012207031
693,11,53,158.94000244140625,-345.2300109863281,-385.239990234375
694,11,54,158.94000244140625,-345.2300109863281,-402.2699890136719
695,11,55,158.94000244140625,-345.2300109863281,-419.2900085449219
696,11,56,158.94000244140625,-345.2300109863281,-436.30999755859375
697,11,57,158.94000244140625,-345.2300109863281,-453.3299865722656
698,11,58,158.94000244140625,-345.2300109863281,-470.3500061035156
699,11,59,158.94000244140625,-345.2300109863281,-487.3699951171875
700,11,60,158.94000244140625,-345.2300109863281,-504.3900146484375
701,11,61,135.25999450683594,-353.45001220703125,1945.300048828125
702,11,62,135.82000732421875,-353.32000732421875,1945.300048828125
703,11,63,133.94000244140625,-343.54998779296875,1945.280029296875
704,11,64,134.5,-343.4100036621094,1945.280029296875
705,12,1,282.17999267578125,-325.739990234375,498.44000244140625
706,12,2,282.17999267578125,-325.739990234375,481.4200134277344
707,12,3,282.17999267578125,-325.739990234375,464.3999938964844
708,12,4,282.17999267578125,-325.739990234375,447.3800048828125
709,12,5,282.17999267578125,-325.739990234375,430.3599853515625
710,12,6,282.17999267578125,-325.739990234375,413.3399963378906
711,12,7,282.17999267578125,-325.739990234375,396.32000732421875
712,12,8,282.17999267578125,-325.739990234375,379.29998779296875
713,12,9,282.17999267578125,-325.739990234375,362.2799987792969
714,12,10,282.17999267578125,-325.739990234375,345.260009765625
715,12,11,282.17999267578125,-325.739990234375,328.239990234375
716,12,12,282.17999267578125,-325.739990234375,311.2200012207031
717,12,13,282.17999267578125,-325.739990234375,294.20001220703125
718,12,14,282.17999267578125,-325.739990234375,277.1700134277344
719,12,15,282.17999267578125,-325.739990234375,260.1499938964844
720,12,16,282.17999267578125,-325.739990234375,243.1300048828125
721,12,17,282.17999267578125,-325.739990234375,226.11000061035156
722,12,18,282.17999267578125,-325.739990234375,209.08999633789062
723,12,19,282.17999267578125,-325.739990234375,192.07000732421875
724,12,20,282.17999267578125,-325.739990234375,175.0500030517578
725,12,21,282.17999267578125,-325.739990234375,158.02999877929688
726,12,22,282.17999267578125,-325.739990234375,141.00999450683594
727,12,23,282.17999267578125,-325.739990234375,123.98999786376953
728,12,24,282.17999267578125,-325.739990234375,106.97000122070312
729,12,25,282.17999267578125,-325.739990234375,89.94999694824219
730,12,26,282.17999267578125,-325.739990234375,72.93000030517578
731,12,27,282.17999267578125,-325.739990234375,55.90999984741211
732,12,28,282.17999267578125,-325.739990234375,38.880001068115234
733,12,29,282.17999267578125,-325.739990234375,21.860000610351562
734,12,30,282.17999267578125,-325.739990234375,4.840000152587891
735,12,31,282.17999267578125,-325.739990234375,-12.180000305175781
736,12,32,282.17999267578125,-325.739990234375,-29.200000762939453
737,12,33,282.17999267578125,-325.739990234375,-46.220001220703125
738,12,34,282.17999267578125,-325.739990234375,-63.2400016784668
739,12,35,282.17999267578125,-325.739990234375,-80.26000213623047
740,12,36,282.17999267578125,-325.739990234375,-97.27999877929688
741,12,37,282.17999267578125,-325.739990234375,-114.30000305175781
742,12,38,282.17999267578125,-325.739990234375,-131.32000732421875
743,12,39,282.17999267578125,-325.739990234375,-148.33999633789062
744,12,40,282.17999267578125,-325.739990234375,-165.36000061035156
745,12,41,282.17999267578125,-325.739990234375,-182.38999938964844
746,12,42,282.17999267578125,-325.739990234375,-199.41000366210938
747,12,43,282.17999267578125,-325.739990234375,-216.42999267578125
748,12,44,282.17999267578125,-325.739990234375,-233.4499969482422
749,12,45,282.17999267578125,-325.739990234375,-250.47000122070312
750,12,46,282.17999267578125,-325.739990234375,-267.489990234375
751,12,47,282.17999267578125,-325.739990234375,-284.510009765625
752,12,48,282.17999267578125,-325.739990234375,-301.5299987792969
753,12,49,282.17999267578125,-325.739990234375,-318.54998779296875
754,12,50,282.17999267578125,-325.739990234375,-335.57000732421875
755,12,51,282.17999267578125,-325.739990234375,-352.5899963378906
756,12,52,282.17999267578125,-325.739990234375,-369.6099853515625
757,12,53,282.17999267578125,-325.739990234375,-386.6300048828125
758,12,54,282.17999267578125,-325.739990234375,-403.6600036621094
759,12,55,282.17999267578125,-325.739990234375,-420.67999267578125
760,12,56,282.17999267578125,-325.739990234375,-437.70001220703125
761,12,57,282.17999267578125,-325.739990234375,-454.7200012207031
762,12,58,282.17999267578125,-325.739990234375,-471.739990234375
763,12,59,282.17999267578125,-325.739990234375,-488.760009765625
764,12,60,282.17999267578125,-325.739990234375,-505.7799987792969
765,12,61,279.1199951171875,-300.1700134277344,1945.3399658203125
766,12,62,279.1099853515625,-300.75,1945.3399658203125
767,12,63,288.7699890136719,-301.2200012207031,1945.4300537109375
768,12,64,288.75,-301.79998779296875,1945.4300537109375
769,12,65,279.2300109863281,-300.5299987792969,1946.199951171875
770,12,66,294.760009765625,-302.0400085449219,1946.199951171875
771,13,1,405.8299865722656,-306.3800048828125,495.1300048828125
772,13,2,405.8299865722656,-306.3800048828125,478.1099853515625
773,13,3,405.8299865722656,-306.3800048828125,461.0899963378906
774,13,4,405.8299865722656,-306.3800048828125,444.07000732421875
775,13,5,405.8299865722656,-306.3800048828125,427.04998779296875
776,13,6,405.8299865722656,-306.3800048828125,410.0299987792969
777,13,7,405.8299865722656,-306.3800048828125,393.010009765625
778,13,8,405.8299865722656,-306.3800048828125,375.989990234375
779,13,9,405.8299865722656,-306.3800048828125,358.9700012207031
780,13,10,405.8299865722656,-306.3800048828125,341.95001220703125
781,13,11,405.8299865722656,-306.3800048828125,324.92999267578125
782,13,12,405.8299865722656,-306.3800048828125,307.9100036621094
783,13,13,405.8299865722656,-306.3800048828125,290.8900146484375
784,13,14,405.8299865722656,-306.3800048828125,273.8599853515625
785,13,15,405.8299865722656,-306.3800048828125,256.8399963378906
786,13,16,405.8299865722656,-306.3800048828125,239.82000732421875
787,13,17,405.8299865722656,-306.3800048828125,222.8000030517578
788,13,18,405.8299865722656,-306.3800048828125,205.77999877929688
789,13,19,405.8299865722656,-306.3800048828125,188.75999450683594
790,13,20,405.8299865722656,-306.3800048828125,171.74000549316406
791,13,21,405.8299865722656,-306.3800048828125,154.72000122070312
792,13,22,405.8299865722656,-306.3800048828125,137.6999969482422
793,13,23,405.8299865722656,-306.3800048828125,120.68000030517578
794,13,24,405.8299865722656,-306.3800048828125,103.66000366210938
795,13,25,405.8299865722656,-306.3800048828125,86.63999938964844
796,13,26,405.8299865722656,-306.3800048828125,69.62000274658203
797,13,27,405.8299865722656,-306.3800048828125,52.599998474121094
798,13,28,405.8299865722656,-306.3800048828125,35.56999969482422
799,13,29,405.8299865722656,-306.3800048828125,18.549999237060547
800,13,30,405.8299865722656,-306.3800048828125,1.5299999713897705
801,13,31,405.8299865722656,-306.3800048828125,-15.489999771118164
802,13,32,405.8299865722656,-306.3800048828125,-32.5099983215332
803,13,33,405.8299865722656,-306.3800048828125,-49.529998779296875
804,13,34,405.8299865722656,-306.3800048828125,-66.55000305175781
805,13,35,405.8299865722656,-306.3800048828125,-83.56999969482422
806,13,36,405.8299865722656,-306.3800048828125,-100.58999633789062
807,13,37,405.8299865722656,-306.3800048828125,-117.61000061035156
808,13,38,405.8299865722656,-306.3800048828125,-134.6300048828125
809,13,39,405.8299865722656,-306.3800048828125,-151.64999389648438
810,13,40,405.8299865722656,-306.3800048828125,-168.6699981689453
811,13,41,405.8299865722656,-306.3800048828125,-185.6999969482422
812,13,42,405.8299865722656,-306.3800048828125,-202.72000122070312
813,13,43,405.8299865722656,-306.3800048828125,-219.74000549316406
814,13,44,405.8299865722656,-306.3800048828125,-236.75999450683594
815,13,45,405.8299865722656,-306.3800048828125,-253.77999877929688
816,13,46,405.8299865722656,-306.3800048828125,-270.79998779296875
817,13,47,405.8299865722656,-306.3800048828125,-287.82000732421875
818,13,48,405.8299865722656,-306.3800048828125,-304.8399963378906
819,13,49,405.8299865722656,-306.3800048828125,-321.8599853515625
820,13,50,405.8299865722656,-306.3800048828125,-338.8800048828125
821,13,51,405.8299865722656,-306.3800048828125,-355.8999938964844
822,13,52,405.8299865722656,-306.3800048828125,-372.9200134277344
823,13,53,405.8299865722656,-306.3800048828125,-389.94000244140625
824,13,54,405.8299865722656,-306.3800048828125,-406.9700012207031
825,13,55,405.8299865722656,-306.3800048828125,-423.989990234375
826,13,56,405.8299865722656,-306.3800048828125,-441.010009765625
827,13,57,405.8299865722656,-306.3800048828125,-458.0299987792969
828,13,58,405.8299865722656,-306.3800048828125,-475.04998779296875
829,13,59,405.8299865722656,-306.3800048828125,-492.07000732421875
830,13,60,405.8299865722656,-306.3800048828125,-509.0899963378906
831,13,61,385.9200134277344,-290.1000061035156,1946.3299560546875
832,13,62,386.2900085449219,-290.5400085449219,1946.3299560546875
833,13,63,393.25,-283.55999755859375,1946.3199462890625
834,13,64,393.6499938964844,-283.9800109863281,1946.3199462890625
835,14,1,-413.4599914550781,-327.2699890136719,499.5899963378906
836,14,2,-413.4599914550781,-327.2699890136719,482.57000732421875
837,14,3,-413.4599914550781,-327.2699890136719,465.54998779296875
838,14,4,-413.4599914550781,-327.2699890136719,448.5299987792969
839,14,5,-413.4599914550781,-327.2699890136719,431.510009765625
840,14,6,-413.4599914550781,-327.2699890136719,414.489990234375
841,14,7,-413.4599914550781,-327.2699890136719,397.4700012207031
842,14,8,-413.4599914550781,-327.2699890136719,380.45001220703125
843,14,9,-413.4599914550781,-327.2699890136719,363.42999267578125
844,14,10,-413.4599914550781,-327.2699890136719,346.4100036621094
845,14,11,-413.4599914550781,-327.2699890136719,329.3900146484375
846,14,12,-413.4599914550781,-327.2699890136719,312.3699951171875
847,14,13,-413.4599914550781,-327.2699890136719,295.3500061035156
848,14,14,-413.4599914550781,-327.2699890136719,278.32000732421875
849,14,15,-413.4599914550781,-327.2699890136719,261.29998779296875
850,14,16,-413.4599914550781,-327.2699890136719,244.27999877929688
851,14,17,-413.4599914550781,-327.2699890136719,227.25999450683594
852,14,18,-413.4599914550781,-327.2699890136719,210.24000549316406
853,14,19,-413.4599914550781,-327.2699890136719,193.22000122070312
854,14,20,-413.4599914550781,-327.2699890136719,176.1999969482422
855,14,21,-413.4599914550781,-327.2699890136719,159.17999267578125
856,14,22,-413.4599914550781,-327.2699890136719,142.16000366210938
857,14,23,-413.4599914550781,-327.2699890136719,125.13999938964844
858,14,24,-413.4599914550781,-327.2699890136719,108.12000274658203
859,14,25,-413.4599914550781,-327.2699890136719,91.0999984741211
860,14,26,-413.4599914550781,-327.2699890136719,74.08000183105469
861,14,27,-413.4599914550781,-327.2699890136719,57.060001373291016
862,14,28,-413.4599914550781,-327.2699890136719,40.029998779296875
863,14,29,-413.4599914550781,-327.2699890136719,23.010000228881836
864,14,30,-413.4599914550781,-327.2699890136719,5.989999771118164
865,14,31,-413.4599914550781,-327.2699890136719,-11.029999732971191
866,14,32,-413.4599914550781,-327.2699890136719,-28.049999237060547
867,14,33,-413.4599914550781,-327.2699890136719,-45.06999969482422
868,14,34,-413.4599914550781,-327.2699890136719,-62.09000015258789
869,14,35,-413.4599914550781,-327.2699890136719,-79.11000061035156
870,14,36,-413.4599914550781,-327.2699890136719,-96.12999725341797
871,14,37,-413.4599914550781,-327.2699890136719,-113.1500015258789
872,14,38,-413.4599914550781,-327.2699890136719,-130.1699981689453
873,14,39,-413.4599914550781,-327.2699890136719,-147.19000244140625
874,14,40,-413.4599914550781,-327.2699890136719,-164.2100067138672
875,14,41,-413.4599914550781,-327.2699890136719,-181.24000549316406
876,14,42,-413.4599914550781,-327.2699890136719,-198.25999450683594
877,14,43,-413.4599914550781,-327.2699890136719,-215.27999877929688
878,14,44,-413.4599914550781,-327.2699890136719,-232.3000030517578
879,14,45,-413.4599914550781,-327.2699890136719,-249.32000732421875
880,14,46,-413.4599914550781,-327.2699890136719,-266.3399963378906
881,14,47,-413.4599914550781,-327.2699890136719,-283.3599853515625
882,14,48,-413.4599914550781,-327.2699890136719,-300.3800048828125
883,14,49,-413.4599914550781,-327.2699890136719,-317.3999938964844
884,14,50,-413.4599914550781,-327.2699890136719,-334.4200134277344
885,14,51,-413.4599914550781,-327.2699890136719,-351.44000244140625
886,14,52,-413.4599914550781,-327.2699890136719,-368.4599914550781
887,14,53,-413.4599914550781,-327.2699890136719,-385.4800109863281
888,14,54,-413.4599914550781,-327.2699890136719,-402.510009765625
889,14,55,-413.4599914550781,-327.2699890136719,-419.5299987792969
890,14,56,-413.4599914550781,-327.2699890136719,-436.54998779296875
891,14,57,-413.4599914550781,-327.2699890136719,-453.57000732421875
892,14,58,-413.4599914550781,-327.2699890136719,-470.5899963378906
893,14,59,-413.4599914550781,-327.2699890136719,-487.6099853515625
894,14,60,-413.4599914550781,-327.2699890136719,-504.6300048828125
895,14,61,-389.79998779296875,-335.8500061035156,1944.9100341796875
896,14,62,-390.2699890136719,-335.5199890136719,1944.9100341796875
897,14,63,-395.17999267578125,-344.05999755859375,1944.8699951171875
898,14,64,-395.6700134277344,-343.739990234375,1944.8699951171875
899,15,1,-290.6600036621094,-307.3800048828125,504.0199890136719
900,15,2,-290.6600036621094,-307.3800048828125,487.0
901,15,3,-290.6600036621094,-307.3800048828125,469.9800109863281
902,15,4,-290.6600036621094,-307.3800048828125,452.9599914550781
903,15,5,-290.6600036621094,-307.3800048828125,435.94000244140625
904,15,6,-290.6600036621094,-307.3800048828125,418.9200134277344
905,15,7,-290.6600036621094,-307.3800048828125,401.8999938964844
906,15,8,-290.6600036621094,-307.3800048828125,384.8800048828125
907,15,9,-290.6600036621094,-307.3800048828125,367.8599853515625
908,15,10,-290.6600036621094,-307.3800048828125,350.8399963378906
909,15,11,-290.6600036621094,-307.3800048828125,333.82000732421875
910,15,12,-290.6600036621094,-307.3800048828125,316.79998779296875
911,15,13,-290.6600036621094,-307.3800048828125,299.7799987792969
912,15,14,-290.6600036621094,-307.3800048828125,282.75
913,15,15,-290.6600036621094,-307.3800048828125,265.7300109863281
914,15,16,-290.6600036621094,-307.3800048828125,248.7100067138672
915,15,17,-290.6600036621094,-307.3800048828125,231.69000244140625
916,15,18,-290.6600036621094,-307.3800048828125,214.6699981689453
917,15,19,-290.6600036621094,-307.3800048828125,197.64999389648438
918,15,20,-290.6600036621094,-307.3800048828125,180.6300048828125
919,15,21,-290.6600036621094,-307.3800048828125,163.61000061035156
920,15,22,-290.6600036621094,-307.3800048828125,146.58999633789062
921,15,23,-290.6600036621094,-307.3800048828125,129.57000732421875
922,15,24,-290.6600036621094,-307.3800048828125,112.55000305175781
923,15,25,-290.6600036621094,-307.3800048828125,95.6500015258789
924,15,26,-290.6600036621094,-307.3800048828125,78.62999725341797
925,15,27,-290.6600036621094,-307.3800048828125,61.61000061035156
926,15,28,-290.6600036621094,-307.3800048828125,44.58000183105469
927,15,29,-290.6600036621094,-307.3800048828125,27.559999465942383
928,15,30,-290.6600036621094,-307.3800048828125,10.539999961853027
929,15,31,-290.6600036621094,-307.3800048828125,-6.480000019073486
930,15,32,-290.6600036621094,-307.3800048828125,-23.5
931,15,33,-290.6600036621094,-307.3800048828125,-40.52000045776367
932,15,34,-290.6600036621094,-307.3800048828125,-57.540000915527344
933,15,35,-290.6600036621094,-307.3800048828125,-74.55999755859375
934,15,36,-290.6600036621094,-307.3800048828125,-91.58000183105469
935,15,37,-290.6600036621094,-307.3800048828125,-108.5999984741211
936,15,38,-290.6600036621094,-307.3800048828125,-125.62000274658203
937,15,39,-290.6600036621094,-307.3800048828125,-142.63999938964844
938,15,40,-290.6600036621094,-307.3800048828125,-159.66000366210938
939,15,41,-290.6600036621094,-307.3800048828125,-176.69000244140625
940,15,42,-290.6600036621094,-307.3800048828125,-193.7100067138672
941,15,43,-290.6600036621094,-307.3800048828125,-210.72999572753906
942,15,44,-290.6600036621094,-307.3800048828125,-227.75
943,15,45,-290.6600036621094,-307.3800048828125,-244.77000427246094
944,15,46,-290.6600036621094,-307.3800048828125,-261.7900085449219
945,15,47,-290.6600036621094,-307.3800048828125,-278.80999755859375
946,15,48,-290.6600036621094,-307.3800048828125,-295.8299865722656
947,15,49,-290.6600036621094,-307.3800048828125,-312.8500061035156
948,15,50,-290.6600036621094,-307.3800048828125,-329.8699951171875
949,15,51,-290.6600036621094,-307.3800048828125,-346.8900146484375
950,15,52,-290.6600036621094,-307.3800048828125,-363.9100036621094
951,15,53,-290.6600036621094,-307.3800048828125,-380.92999267578125
952,15,54,-290.6600036621094,-307.3800048828125,-397.9599914550781
953,15,55,-290.6600036621094,-307.3800048828125,-414.9800109863281
954,15,56,-290.6600036621094,-307.3800048828125,-432.0
955,15,57,-290.6600036621094,-307.3800048828125,-449.0199890136719
956,15,58,-290.6600036621094,-307.3800048828125,-466.0400085449219
957,15,59,-290.6600036621094,-307.3800048828125,-483.05999755859375
958,15,60,-290.6600036621094,-307.3800048828125,-500.0799865722656
959,15,61,-265.4100036621094,-305.0299987792969,1945.25
960,15,62,-265.9800109863281,-304.9700012207031,1945.25
961,15,63,-266.5799865722656,-314.82000732421875,1945.239990234375
962,15,64,-267.1600036621094,-314.7799987792969,1945.239990234375
963,16,1,-166.39999389648438,-287.7900085449219,497.7799987792969
964,16,2,-166.39999389648438,-287.7900085449219,480.510009765625
965,16,3,-166.39999389648438,-287.7900085449219,463.489990234375
966,16,4,-166.39999389648438,-287.7900085449219,446.4700012207031
967,16,5,-166.39999389648438,-287.7900085449219,429.45001220703125
968,16,6,-166.39999389648438,-287.7900085449219,412.42999267578125
969,16,7,-166.39999389648438,-287.7900085449219,395.4100036621094
970,16,8,-166.39999389648438,-287.7900085449219,378.3900146484375
971,16,9,-166.39999389648438,-287.7900085449219,361.3699951171875
972,16,10,-166.39999389648438,-287.7900085449219,344.3500061035156
973,16,11,-166.39999389648438,-287.7900085449219,327.3299865722656
974,16,12,-166.39999389648438,-287.7900085449219,310.30999755859375
975,16,13,-166.39999389648438,-287.7900085449219,293.2900085449219
976,16,14,-166.39999389648438,-287.7900085449219,276.260009765625
977,16,15,-166.39999389648438,-287.7900085449219,259.239990234375
978,16,16,-166.39999389648438,-287.7900085449219,242.22000122070312
979,16,17,-166.39999389648438,-287.7900085449219,225.1999969482422
980,16,18,-166.39999389648438,-287.7900085449219,208.3000030517578
981,16,19,-166.39999389648438,-287.7900085449219,191.27999877929688
982,16,20,-166.39999389648438,-287.7900085449219,174.25999450683594
983,16,21,-166.39999389648438,-287.7900085449219,157.24000549316406
984,16,22,-166.39999389648438,-287.7900085449219,140.22000122070312
985,16,23,-166.39999389648438,-287.7900085449219,123.19999694824219
986,16,24,-166.39999389648438,-287.7900085449219,106.18000030517578
987,16,25,-166.39999389648438,-287.7900085449219,89.16000366210938
988,16,26,-166.39999389648438,-287.7900085449219,72.13999938964844
989,16,27,-166.39999389648438,-287.7900085449219,55.11000061035156
990,16,28,-166.39999389648438,-287.7900085449219,38.09000015258789
991,16,29,-166.39999389648438,-287.7900085449219,21.06999969482422
992,16,30,-166.39999389648438,-287.7900085449219,4.050000190734863
993,16,31,-166.39999389648438,-287.7900085449219,-12.970000267028809
994,16,32,-166.39999389648438,-287.7900085449219,-29.989999771118164
995,16,33,-166.39999389648438,-287.7900085449219,-47.0099983215332
996,16,34,-166.39999389648438,-287.7900085449219,-64.02999877929688
997,16,35,-166.39999389648438,-287.7900085449219,-81.05000305175781
998,16,36,-166.39999389648438,-287.7900085449219,-98.06999969482422
999,16,37,-166.39999389648438,-287.7900085449219,-115.08999633789062
1000,16,38,-166.39999389648438,-287.7900085449219,-132.11000061035156
1001,16,39,-166.39999389648438,-287.7900085449219,-149.1300048828125
1002,16,40,-166.39999389648438,-287.7900085449219,-166.14999389648438
1003,16,41,-166.39999389648438,-287.7900085449219,-183.17999267578125
1004,16,42,-166.39999389648438,-287.7900085449219,-200.1999969482422
1005,16,43,-166.39999389648438,-287.7900085449219,-217.22000122070312
1006,16,44,-166.39999389648438,-287.7900085449219,-234.24000549316406
1007,16,45,-166.39999389648438,-287.7900085449219,-251.25999450683594
1008,16,46,-166.39999389648438,-287.7900085449219,-268.2799987792969
1009,16,47,-166.39999389648438,-287.7900085449219,-285.29998779296875
1010,16,48,-166.39999389648438,-287.7900085449219,-302.32000732421875
1011,16,49,-166.39999389648438,-287.7900085449219,-319.3399963378906
1012,16,50,-166.39999389648438,-287.7900085449219,-336.3599853515625
1013,16,51,-166.39999389648438,-287.7900085449219,-353.3800048828125
1014,16,52,-166.39999389648438,-287.7900085449219,-370.3999938964844
1015,16,53,-166.39999389648438,-287.7900085449219,-387.2900085449219
1016,16,54,-166.39999389648438,-287.7900085449219,-404.32000732421875
1017,16,55,-166.39999389648438,-287.7900085449219,-421.3399963378906
1018,16,56,-166.39999389648438,-287.7900085449219,-438.3599853515625
1019,16,57,-166.39999389648438,-287.7900085449219,-455.3800048828125
1020,16,58,-166.39999389648438,-287.7900085449219,-472.3999938964844
1021,16,59,-166.39999389648438,-287.7900085449219,-489.4200134277344
1022,16,60,-166.39999389648438,-287.7900085449219,-506.44000244140625
1023,16,61,-182.3800048828125,-267.8599853515625,1945.1800537109375
1024,16,62,-182.1199951171875,-268.3800048828125,1945.1800537109375
1025,16,63,-173.13999938964844,-263.5799865722656,1945.1400146484375
1026,16,64,-172.88999938964844,-264.1000061035156,1945.1400146484375
1027,17,1,-43.27000045776367,-267.5199890136719,500.42999267578125
1028,17,2,-43.27000045776367,-267.5199890136719,483.1000061035156
1029,17,3,-43.27000045776367,-267.5199890136719,466.0799865722656
1030,17,4,-43.27000045776367,-267.5199890136719,449.05999755859375
1031,17,5,-43.27000045776367,-267.5199890136719,432.0400085449219
1032,17,6,-43.27000045776367,-267.5199890136719,415.0199890136719
1033,17,7,-43.27000045776367,-267.5199890136719,398.0
1034,17,8,-43.27000045776367,-267.5199890136719,380.9800109863281
1035,17,9,-43.27000045776367,-267.5199890136719,363.9599914550781
1036,17,10,-43.27000045776367,-267.5199890136719,346.94000244140625
1037,17,11,-43.27000045776367,-267.5199890136719,329.9200134277344
1038,17,12,-43.27000045776367,-267.5199890136719,312.8999938964844
1039,17,13,-43.27000045776367,-267.5199890136719,295.8800048828125
1040,17,14,-43.27000045776367,-267.5199890136719,278.8500061035156
1041,17,15,-43.27000045776367,-267.5199890136719,261.8299865722656
1042,17,16,-43.27000045776367,-267.5199890136719,244.80999755859375
1043,17,17,-43.27000045776367,-267.5199890136719,227.7899932861328
1044,17,18,-43.27000045776367,-267.5199890136719,210.77000427246094
1045,17,19,-43.27000045776367,-267.5199890136719,193.75
1046,17,20,-43.27000045776367,-267.5199890136719,176.72999572753906
1047,17,21,-43.27000045776367,-267.5199890136719,159.7100067138672
1048,17,22,-43.27000045776367,-267.5199890136719,142.69000244140625
1049,17,23,-43.27000045776367,-267.5199890136719,125.66999816894531
1050,17,24,-43.27000045776367,-267.5199890136719,108.6500015258789
1051,17,25,-43.27000045776367,-267.5199890136719,91.62999725341797
1052,17,26,-43.27000045776367,-267.5199890136719,74.61000061035156
1053,17,27,-43.27000045776367,-267.5199890136719,57.59000015258789
1054,17,28,-43.27000045776367,-267.5199890136719,40.560001373291016
1055,17,29,-43.27000045776367,-267.5199890136719,23.540000915527344
1056,17,30,-43.27000045776367,-267.5199890136719,6.519999980926514
1057,17,31,-43.27000045776367,-267.5199890136719,-10.5
1058,17,32,-43.27000045776367,-267.5199890136719,-27.520000457763672
1059,17,33,-43.27000045776367,-267.5199890136719,-44.540000915527344
1060,17,34,-43.27000045776367,-267.5199890136719,-61.560001373291016
1061,17,35,-43.27000045776367,-267.5199890136719,-78.58000183105469
1062,17,36,-43.27000045776367,-267.5199890136719,-95.5999984741211
1063,17,37,-43.27000045776367,-267.5199890136719,-112.62000274658203
1064,17,38,-43.27000045776367,-267.5199890136719,-129.63999938964844
1065,17,39,-43.27000045776367,-267.5199890136719,-146.66000366210938
1066,17,40,-43.27000045776367,-267.5199890136719,-163.67999267578125
1067,17,41,-43.27000045776367,-267.5199890136719,-180.7100067138672
1068,17,42,-43.27000045776367,-267.5199890136719,-197.72999572753906
1069,17,43,-43.27000045776367,-267.5199890136719,-214.75
1070,17,44,-43.27000045776367,-267.5199890136719,-231.77000427246094
1071,17,45,-43.27000045776367,-267.5199890136719,-248.7899932861328
1072,17,46,-43.27000045776367,-267.5199890136719,-265.80999755859375
1073,17,47,-43.27000045776367,-267.5199890136719,-282.8299865722656
1074,17,48,-43.27000045776367,-267.5199890136719,-299.8500061035156
1075,17,49,-43.27000045776367,-267.5199890136719,-316.8699951171875
1076,17,50,-43.27000045776367,-267.5199890136719,-333.8900146484375
1077,17,51,-43.27000045776367,-267.5199890136719,-350.9100036621094
1078,17,52,-43.27000045776367,-267.5199890136719,-367.92999267578125
1079,17,53,-43.27000045776367,-267.5199890136719,-384.95001220703125
1080,17,54,-43.27000045776367,-267.5199890136719,-401.9800109863281
1081,17,55,-43.27000045776367,-267.5199890136719,-419.0
1082,17,56,-43.27000045776367,-267.5199890136719,-436.0199890136719
1083,17,57,-43.27000045776367,-267.5199890136719,-453.0400085449219
1084,17,58,-43.27000045776367,-267.5199890136719,-470.05999755859375
1085,17,59,-43.27000045776367,-267.5199890136719,-487.0799865722656
1086,17,60,-43.27000045776367,-267.5199890136719,-504.1000061035156
1087,17,61,-40.27000045776367,-242.77000427246094,1944.5699462890625
1088,17,62,-40.439998626708984,-243.32000732421875,1944.5699462890625
1089,17,63,-30.90999984741211,-245.7899932861328,1944.6700439453125
1090,17,64,-31.06999969482422,-246.35000610351562,1944.6700439453125
1091,18,1,79.41000366210938,-248.24000549316406,498.8999938964844
1092,18,2,79.41000366210938,-248.24000549316406,481.8800048828125
1093,18,3,79.41000366210938,-248.24000549316406,464.8599853515625
1094,18,4,79.41000366210938,-248.24000549316406,447.8399963378906
1095,18,5,79.41000366210938,-248.24000549316406,430.82000732421875
1096,18,6,79.41000366210938,-248.24000549316406,413.79998779296875
1097,18,7,79.41000366210938,-248.24000549316406,396.7799987792969
1098,18,8,79.41000366210938,-248.24000549316406,379.760009765625
1099,18,9,79.41000366210938,-248.24000549316406,362.739990234375
1100,18,10,79.41000366210938,-248.24000549316406,345.7200012207031
1101,18,11,79.41000366210938,-248.24000549316406,328.70001220703125
1102,18,12,79.41000366210938,-248.24000549316406,311.67999267578125
1103,18,13,79.41000366210938,-248.24000549316406,294.6600036621094
1104,18,14,79.41000366210938,-248.24000549316406,277.6300048828125
1105,18,15,79.41000366210938,-248.24000549316406,260.6099853515625
1106,18,16,79.41000366210938,-248.24000549316406,243.58999633789062
1107,18,17,79.41000366210938,-248.24000549316406,226.57000732421875
1108,18,18,79.41000366210938,-248.24000549316406,209.5500030517578
1109,18,19,79.41000366210938,-248.24000549316406,192.52999877929688
1110,18,20,79.41000366210938,-248.24000549316406,175.50999450683594
1111,18,21,79.41000366210938,-248.24000549316406,158.49000549316406
1112,18,22,79.41000366210938,-248.24000549316406,141.47000122070312
1113,18,23,79.41000366210938,-248.24000549316406,124.44999694824219
1114,18,24,79.41000366210938,-248.24000549316406,107.43000030517578
1115,18,25,79.41000366210938,-248.24000549316406,90.41000366210938
1116,18,26,79.41000366210938,-248.24000549316406,73.38999938964844
1117,18,27,79.41000366210938,-248.24000549316406,56.369998931884766
1118,18,28,79.41000366210938,-248.24000549316406,39.34000015258789
1119,18,29,79.41000366210938,-248.24000549316406,22.31999969482422
1120,18,30,79.41000366210938,-248.24000549316406,5.300000190734863
1121,18,31,79.41000366210938,-248.24000549316406,-11.720000267028809
1122,18,32,79.41000366210938,-248.24000549316406,-28.739999771118164
1123,18,33,79.41000366210938,-248.24000549316406,-45.7599983215332
1124,18,34,79.41000366210938,-248.24000549316406,-62.779998779296875
1125,18,35,79.41000366210938,-248.24000549316406,-79.80000305175781
1126,18,36,79.41000366210938,-248.24000549316406,-96.81999969482422
1127,18,37,79.41000366210938,-248.24000549316406,-113.83999633789062
1128,18,38,79.41000366210938,-248.24000549316406,-130.86000061035156
1129,18,39,79.41000366210938,-248.24000549316406,-147.8800048828125
1130,18,40,79.41000366210938,-248.24000549316406,-164.89999389648438
1131,18,41,79.41000366210938,-248.24000549316406,-181.92999267578125
1132,18,42,79.41000366210938,-248.24000549316406,-198.9499969482422
1133,18,43,79.41000366210938,-248.24000549316406,-215.97000122070312
1134,18,44,79.41000366210938,-248.24000549316406,-232.99000549316406
1135,18,45,79.41000366210938,-248.24000549316406,-250.00999450683594
1136,18,46,79.41000366210938,-248.24000549316406,-267.0299987792969
1137,18,47,79.41000366210938,-248.24000549316406,-284.04998779296875
1138,18,48,79.41000366210938,-248.24000549316406,-301.07000732421875
1139,18,49,79.41000366210938,-248.24000549316406,-318.0899963378906
1140,18,50,79.41000366210938,-248.24000549316406,-335.1099853515625
1141,18,51,79.41000366210938,-248.24000549316406,-352.1300048828125
1142,18,52,79.41000366210938,-248.24000549316406,-369.1499938964844
1143,18,53,79.41000366210938,-248.24000549316406,-386.1700134277344
1144,18,54,79.41000366210938,-248.24000549316406,-403.20001220703125
1145,18,55,79.41000366210938,-248.24000549316406,-420.2200012207031
1146,18,56,79.41000366210938,-248.24000549316406,-437.239990234375
1147,18,57,79.41000366210938,-248.24000549316406,-454.260009765625
1148,18,58,79.41000366210938,-248.24000549316406,-471.2799987792969
1149,18,59,79.41000366210938,-248.24000549316406,-488.29998779296875
1150,18,60,79.41000366210938,-248.24000549316406,-505.32000732421875
1151,18,61,66.2300033569336,-226.9199981689453,1944.5400390625
1152,18,62,66.52999877929688,-227.4199981689453,1944.5400390625
1153,18,63,75.58999633789062,-223.4600067138672,1944.6099853515625
1154,18,64,75.7699966430664,-224.00999450683594,1944.6099853515625
1155,19,1,210.47000122070312,-209.77000427246094,496.94000244140625
1156,19,2,210.47000122070312,-209.77000427246094,479.9200134277344
1157,19,3,210.47000122070312,-209.77000427246094,462.8999938964844
1158,19,4,210.47000122070312,-209.77000427246094,445.8800048828125
1159,19,5,210.47000122070312,-209.77000427246094,428.8599853515625
1160,19,6,210.47000122070312,-209.77000427246094,411.8399963378906
1161,19,7,210.47000122070312,-209.77000427246094,394.82000732421875
1162,19,8,210.47000122070312,-209.77000427246094,377.79998779296875
1163,19,9,210.47000122070312,-209.77000427246094,360.7799987792969
1164,19,10,210.47000122070312,-209.77000427246094,343.760009765625
1165,19,11,210.47000122070312,-209.77000427246094,326.739990234375
1166,19,12,210.47000122070312,-209.77000427246094,309.7200012207031
1167,19,13,210.47000122070312,-209.77000427246094,292.70001220703125
1168,19,14,210.47000122070312,-209.77000427246094,275.6700134277344
1169,19,15,210.47000122070312,-209.77000427246094,258.6499938964844
1170,19,16,210.47000122070312,-209.77000427246094,241.6300048828125
1171,19,17,210.47000122070312,-209.77000427246094,224.61000061035156
1172,19,18,210.47000122070312,-209.77000427246094,207.58999633789062
1173,19,19,210.47000122070312,-209.77000427246094,190.57000732421875
1174,19,20,210.47000122070312,-209.77000427246094,173.5500030517578
1175,19,21,210.47000122070312,-209.77000427246094,156.52999877929688
1176,19,22,210.47000122070312,-209.77000427246094,139.50999450683594
1177,19,23,210.47000122070312,-209.77000427246094,122.48999786376953
1178,19,24,210.47000122070312,-209.77000427246094,105.47000122070312
1179,19,25,210.47000122070312,-209.77000427246094,88.44999694824219
1180,19,26,210.47000122070312,-209.77000427246094,71.43000030517578
1181,19,27,210.47000122070312,-209.77000427246094,54.40999984741211
1182,19,28,210.47000122070312,-209.77000427246094,37.380001068115234
1183,19,29,210.47000122070312,-209.77000427246094,20.360000610351562
1184,19,30,210.47000122070312,-209.77000427246094,3.3399999141693115
1185,19,31,210.47000122070312,-209.77000427246094,-13.680000305175781
1186,19,32,210.47000122070312,-209.77000427246094,-30.700000762939453
1187,19,33,210.47000122070312,-209.77000427246094,-47.720001220703125
1188,19,34,210.47000122070312,-209.77000427246094,-64.73999786376953
1189,19,35,210.47000122070312,-209.77000427246094,-81.76000213623047
1190,19,36,210.47000122070312,-209.77000427246094,-98.77999877929688
1191,19,37,210.47000122070312,-209.77000427246094,-115.80000305175781
1192,19,38,210.47000122070312,-209.77000427246094,-132.82000732421875
1193,19,39,210.47000122070312,-209.77000427246094,-149.83999633789062
1194,19,40,210.47000122070312,-209.77000427246094,-166.86000061035156
1195,19,41,210.47000122070312,-209.77000427246094,-183.88999938964844
1196,19,42,210.47000122070312,-209.77000427246094,-200.91000366210938
1197,19,43,210.47000122070312,-209.77000427246094,-217.92999267578125
1198,19,44,210.47000122070312,-209.77000427246094,-234.9499969482422
1199,19,45,210.47000122070312,-209.77000427246094,-251.97000122070312
1200,19,46,210.47000122070312,-209.77000427246094,-268.989990234375
1201,19,47,210.47000122070312,-209.77000427246094,-286.010009765625
1202,19,48,210.47000122070312,-209.77000427246094,-303.0299987792969
1203,19,49,210.47000122070312,-209.77000427246094,-320.04998779296875
1204,19,50,210.47000122070312,-209.77000427246094,-337.07000732421875
1205,19,51,210.47000122070312,-209.77000427246094,-354.0899963378906
1206,19,52,210.47000122070312,-209.77000427246094,-371.1099853515625
1207,19,53,210.47000122070312,-209.77000427246094,-388.1300048828125
1208,19,54,210.47000122070312,-209.77000427246094,-405.1600036621094
1209,19,55,210.47000122070312,-209.77000427246094,-422.17999267578125
1210,19,56,210.47000122070312,-209.77000427246094,-439.20001220703125
1211,19,57,210.47000122070312,-209.77000427246094,-456.2200012207031
1212,19,58,210.47000122070312,-209.77000427246094,-473.239990234375
1213,19,59,210.47000122070312,-209.77000427246094,-490.260009765625
1214,19,60,210.47000122070312,-209.77000427246094,-507.2799987792969
1215,19,61,210.25999450683594,-184.80999755859375,1945.0400390625
1216,19,62,210.1999969482422,-185.38999938964844,1945.0400390625
1217,19,63,220.05999755859375,-185.9600067138672,1945.1600341796875
1218,19,64,220.02000427246094,-186.52999877929688,1945.1600341796875
1219,20,1,326.8500061035156,-209.07000732421875,498.4200134277344
1220,20,2,326.8500061035156,-209.07000732421875,481.3999938964844
1221,20,3,326.8500061035156,-209.07000732421875,464.3800048828125
1222,20,4,326.8500061035156,-209.07000732421875,447.3599853515625
1223,20,5,326.8500061035156,-209.07000732421875,430.3399963378906
1224,20,6,326.8500061035156,-209.07000732421875,413.32000732421875
1225,20,7,326.8500061035156,-209.07000732421875,396.29998779296875
1226,20,8,326.8500061035156,-209.07000732421875,379.2799987792969
1227,20,9,326.8500061035156,-209.07000732421875,362.260009765625
1228,20,10,326.8500061035156,-209.07000732421875,345.239990234375
1229,20,11,326.8500061035156,-209.07000732421875,328.2200012207031
1230,20,12,326.8500061035156,-209.07000732421875,311.20001220703125
1231,20,13,326.8500061035156,-209.07000732421875,294.17999267578125
1232,20,14,326.8500061035156,-209.07000732421875,277.1499938964844
1233,20,15,326.8500061035156,-209.07000732421875,260.1300048828125
1234,20,16,326.8500061035156,-209.07000732421875,243.11000061035156
1235,20,17,326.8500061035156,-209.07000732421875,226.08999633789062
1236,20,18,326.8500061035156,-209.07000732421875,209.07000732421875
1237,20,19,326.8500061035156,-209.07000732421875,192.0500030517578
1238,20,20,326.8500061035156,-209.07000732421875,175.02999877929688
1239,20,21,326.8500061035156,-209.07000732421875,158.00999450683594
1240,20,22,326.8500061035156,-209.07000732421875,140.99000549316406
1241,20,23,326.8500061035156,-209.07000732421875,123.97000122070312
1242,20,24,326.8500061035156,-209.07000732421875,106.94999694824219
1243,20,25,326.8500061035156,-209.07000732421875,89.93000030517578
1244,20,26,326.8500061035156,-209.07000732421875,72.91000366210938
1245,20,27,326.8500061035156,-209.07000732421875,55.88999938964844
1246,20,28,326.8500061035156,-209.07000732421875,38.86000061035156
1247,20,29,326.8500061035156,-209.07000732421875,21.84000015258789
1248,20,30,326.8500061035156,-209.07000732421875,4.820000171661377
1249,20,31,326.8500061035156,-209.07000732421875,-12.199999809265137
1250,20,32,326.8500061035156,-209.07000732421875,-29.219999313354492
1251,20,33,326.8500061035156,-209.07000732421875,-46.2400016784668
1252,20,34,326.8500061035156,-209.07000732421875,-63.2599983215332
1253,20,35,326.8500061035156,-209.07000732421875,-80.27999877929688
1254,20,36,326.8500061035156,-209.07000732421875,-97.30000305175781
1255,20,37,326.8500061035156,-209.07000732421875,-114.31999969482422
1256,20,38,326.8500061035156,-209.07000732421875,-131.33999633789062
1257,20,39,326.8500061035156,-209.07000732421875,-148.36000061035156
1258,20,40,326.8500061035156,-209.07000732421875,-165.3800048828125
1259,20,41,326.8500061035156,-209.07000732421875,-182.41000366210938
1260,20,42,326.8500061035156,-209.07000732421875,-199.42999267578125
1261,20,43,326.8500061035156,-209.07000732421875,-216.4499969482422
1262,20,44,326.8500061035156,-209.07000732421875,-233.47000122070312
1263,20,45,326.8500061035156,-209.07000732421875,-250.49000549316406
1264,20,46,326.8500061035156,-209.07000732421875,-267.510009765625
1265,20,47,326.8500061035156,-209.07000732421875,-284.5299987792969
1266,20,48,326.8500061035156,-209.07000732421875,-301.54998779296875
1267,20,49,326.8500061035156,-209.07000732421875,-318.57000732421875
1268,20,50,326.8500061035156,-209.07000732421875,-335.5899963378906
1269,20,51,326.8500061035156,-209.07000732421875,-352.6099853515625
1270,20,52,326.8500061035156,-209.07000732421875,-369.6300048828125
1271,20,53,326.8500061035156,-209.07000732421875,-386.6499938964844
1272,20,54,326.8500061035156,-209.07000732421875,-403.67999267578125
1273,20,55,326.8500061035156,-209.07000732421875,-420.70001220703125
1274,20,56,326.8500061035156,-209.07000732421875,-437.7200012207031
1275,20,57,326.8500061035156,-209.07000732421875,-454.739990234375
1276,20,58,326.8500061035156,-209.07000732421875,-471.760009765625
1277,20,59,326.8500061035156,-209.07000732421875,-488.7799987792969
1278,20,60,326.8500061035156,-209.07000732421875,-505.79998779296875
1279,20,61,311.260009765625,-228.66000366210938,1945.1800537109375
1280,20,62,311.69000244140625,-228.27999877929688,1945.1800537109375
1281,20,63,305.04998779296875,-221.0399932861328,1945.02001953125
1282,20,64,305.5,-220.67999267578125,1945.02001953125
1283,21,1,443.6000061035156,-194.16000366210938,516.6699829101562
1284,21,2,443.6000061035156,-194.1199951171875,499.6499938964844
1285,21,3,443.6300048828125,-194.0800018310547,482.6300048828125
1286,21,4,443.6600036621094,-194.0399932861328,465.6099853515625
1287,21,5,443.70001220703125,-194.02000427246094,448.5899963378906
1288,21,6,443.75,-194.00999450683594,431.57000732421875
1289,21,7,443.79998779296875,-194.00999450683594,414.54998779296875
1290,21,8,443.8500061035156,-194.02000427246094,397.5299987792969
1291,21,9,443.8900146484375,-194.0399932861328,380.510009765625
1292,21,10,443.92999267578125,-194.0800018310547,363.489990234375
1293,21,11,443.9599914550781,-194.1199951171875,346.4700012207031
1294,21,12,443.9599914550781,-194.1699981689453,329.45001220703125
1295,21,13,443.95001220703125,-194.22000122070312,312.42999267578125
1296,21,14,443.9200134277344,-194.25999450683594,295.3999938964844
1297,21,15,443.8800048828125,-194.2899932861328,278.3800048828125
1298,21,16,443.8399963378906,-194.30999755859375,261.3599853515625
1299,21,17,443.79998779296875,-194.30999755859375,244.33999633789062
1300,21,18,443.75,-194.2899932861328,227.32000732421875
1301,21,19,443.7200012207031,-194.25999450683594,210.3000030517578
1302,21,20,443.7200012207031,-194.2100067138672,193.27999877929688
1303,21,21,443.75,-194.1699981689453,176.25999450683594
1304,21,22,443.79998779296875,-194.16000366210938,159.24000549316406
1305,21,23,443.8500061035156,-194.17999267578125,142.22000122070312
1306,21,24,443.8800048828125,-194.22000122070312,125.19999694824219
1307,21,25,443.9200134277344,-194.25,108.18000030517578
1308,21,26,443.95001220703125,-194.2899932861328,91.16000366210938
1309,21,27,443.9599914550781,-194.33999633789062,74.13999938964844
1310,21,28,443.9599914550781,-194.3800048828125,57.11000061035156
1311,21,29,443.94000244140625,-194.42999267578125,40.09000015258789
1312,21,30,443.9200134277344,-194.47000122070312,23.06999969482422
1313,21,31,443.8900146484375,-194.5,6.050000190734863
1314,21,32,443.8500061035156,-194.52000427246094,-10.970000267028809
1315,21,33,443.79998779296875,-194.52000427246094,-27.989999771118164
1316,21,34,443.75,-194.52000427246094,-45.0099983215332
1317,21,35,443.7099914550781,-194.52000427246094,-62.029998779296875
1318,21,36,443.6600036621094,-194.52000427246094,-79.05000305175781
1319,21,37,443.6199951171875,-194.50999450683594,-96.06999969482422
1320,21,38,443.5799865722656,-194.49000549316406,-113.08999633789062
1321,21,39,443.5400085449219,-194.4600067138672,-130.11000061035156
1322,21,40,443.5,-194.42999267578125,-147.1300048828125
1323,21,41,443.4700012207031,-194.39999389648438,-164.16000366210938
1324,21,42,443.44000244140625,-194.35000610351562,-181.17999267578125
1325,21,43,443.42999267578125,-194.3000030517578,-198.1999969482422
1326,21,44,443.42999267578125,-194.25,-215.22000122070312
1327,21,45,443.4599914550781,-194.2100067138672,-232.24000549316406
1328,21,46,443.5,-194.17999267578125,-249.25999450683594
1329,21,47,443.54998779296875,-194.16000366210938,-266.2799987792969
1330,21,48,443.5899963378906,-194.17999267578125,-281.29998779296875
1331,21,49,443.6499938964844,-194.1999969482422,-300.32000732421875
1332,21,50,443.67999267578125,-194.22999572753906,-315.3399963378906
1333,21,51,443.7200012207031,-194.27000427246094,-334.3599853515625
1334,21,52,443.75,-194.30999755859375,-351.3800048828125
1335,21,53,443.7799987792969,-194.33999633789062,-368.3999938964844
1336,21,54,443.80999755859375,-194.3800048828125,-385.42999267578125
1337,21,55,443.8500061035156,-194.4199981689453,-402.45001220703125
1338,21,56,443.8900146484375,-194.44000244140625,-417.4599914550781
1339,21,57,443.92999267578125,-194.47000122070312,-436.489990234375
1340,21,58,443.9599914550781,-194.49000549316406,-451.510009765625
1341,21,59,444.0,-194.47999572753906,-470.5299987792969
1342,21,60,444.04998779296875,-194.4600067138672,-487.54998779296875
1343,21,61,441.5400085449219,-212.91000366210938,1947.27001953125
1344,21,62,441.8699951171875,-212.44000244140625,1947.27001953125
1345,21,63,432.79998779296875,-207.25999450683594,1947.2099609375
1346,21,64,433.1300048828125,-206.7899932861328,1947.2099609375
1347,22,1,-492.42999267578125,-230.16000366210938,497.6000061035156
1348,22,2,-492.42999267578125,-230.16000366210938,480.5799865722656
1349,22,3,-492.42999267578125,-230.16000366210938,463.55999755859375
1350,22,4,-492.42999267578125,-230.16000366210938,446.5400085449219
1351,22,5,-492.42999267578125,-230.16000366210938,429.5199890136719
1352,22,6,-492.42999267578125,-230.16000366210938,412.5
1353,22,7,-492.42999267578125,-230.16000366210938,395.4800109863281
1354,22,8,-492.42999267578125,-230.16000366210938,378.4599914550781
1355,22,9,-492.42999267578125,-230.16000366210938,361.44000244140625
1356,22,10,-492.42999267578125,-230.16000366210938,344.4200134277344
1357,22,11,-492.42999267578125,-230.16000366210938,327.3999938964844
1358,22,12,-492.42999267578125,-230.16000366210938,310.3800048828125
1359,22,13,-492.42999267578125,-230.16000366210938,293.3599853515625
1360,22,14,-492.42999267578125,-230.16000366210938,276.3299865722656
1361,22,15,-492.42999267578125,-230.16000366210938,259.30999755859375
1362,22,16,-492.42999267578125,-230.16000366210938,242.2899932861328
1363,22,17,-492.42999267578125,-230.16000366210938,225.27000427246094
1364,22,18,-492.42999267578125,-230.16000366210938,208.25
1365,22,19,-492.42999267578125,-230.16000366210938,191.22999572753906
1366,22,20,-492.42999267578125,-230.16000366210938,174.2100067138672
1367,22,21,-492.42999267578125,-230.16000366210938,157.19000244140625
1368,22,22,-492.42999267578125,-230.16000366210938,140.1699981689453
1369,22,23,-492.42999267578125,-230.16000366210938,123.1500015258789
1370,22,24,-492.42999267578125,-230.16000366210938,106.12999725341797
1371,22,25,-492.42999267578125,-230.16000366210938,89.11000061035156
1372,22,26,-492.42999267578125,-230.16000366210938,72.08999633789062
1373,22,27,-492.42999267578125,-230.16000366210938,55.06999969482422
1374,22,28,-492.42999267578125,-230.16000366210938,38.040000915527344
1375,22,29,-492.42999267578125,-230.16000366210938,21.020000457763672
1376,22,30,-492.42999267578125,-230.16000366210938,4.0
1377,22,31,-492.42999267578125,-230.16000366210938,-13.020000457763672
1378,22,32,-492.42999267578125,-230.16000366210938,-30.040000915527344
1379,22,33,-492.42999267578125,-230.16000366210938,-47.060001373291016
1380,22,34,-492.42999267578125,-230.16000366210938,-64.08000183105469
1381,22,35,-492.42999267578125,-230.16000366210938,-81.0999984741211
1382,22,36,-492.42999267578125,-230.16000366210938,-98.12000274658203
1383,22,37,-492.42999267578125,-230.16000366210938,-115.13999938964844
1384,22,38,-492.42999267578125,-230.16000366210938,-132.16000366210938
1385,22,39,-492.42999267578125,-230.16000366210938,-149.17999267578125
1386,22,40,-492.42999267578125,-230.16000366210938,-166.1999969482422
1387,22,41,-492.42999267578125,-230.16000366210938,-183.22999572753906
1388,22,42,-492.42999267578125,-230.16000366210938,-200.25
1389,22,43,-492.42999267578125,-230.16000366210938,-217.27000427246094
1390,22,44,-492.42999267578125,-230.16000366210938,-234.2899932861328
1391,22,45,-492.42999267578125,-230.16000366210938,-251.30999755859375
1392,22,46,-492.42999267578125,-230.16000366210938,-268.3299865722656
1393,22,47,-492.42999267578125,-230.16000366210938,-285.3500061035156
1394,22,48,-492.42999267578125,-230.16000366210938,-302.3699951171875
1395,22,49,-492.42999267578125,-230.16000366210938,-319.3900146484375
1396,22,50,-492.42999267578125,-230.16000366210938,-336.4100036621094
1397,22,51,-492.42999267578125,-230.16000366210938,-353.42999267578125
1398,22,52,-492.42999267578125,-230.16000366210938,-370.45001220703125
1399,22,53,-492.42999267578125,-230.16000366210938,-387.4700012207031
1400,22,54,-492.42999267578125,-230.16000366210938,-404.5
1401,22,55,-492.42999267578125,-230.16000366210938,-421.5199890136719
1402,22,56,-492.42999267578125,-230.16000366210938,-438.5400085449219
1403,22,57,-492.42999267578125,-230.16000366210938,-455.55999755859375
1404,22,58,-492.42999267578125,-230.16000366210938,-472.5799865722656
1405,22,59,-492.42999267578125,-230.16000366210938,-489.6000061035156
1406,22,60,-492.42999267578125,-230.16000366210938,-506.6199951171875
1407,22,61,-468.70001220703125,-238.5800018310547,1944.8399658203125
1408,22,62,-469.20001220703125,-238.2899932861328,1944.8399658203125
1409,22,63,-473.9599914550781,-246.9199981689453,1944.760009765625
1410,22,64,-474.4599914550781,-246.6199951171875,1944.760009765625
1411,23,1,-368.92999267578125,-210.22999572753906,500.5299987792969
1412,23,2,-368.92999267578125,-210.22999572753906,483.510009765625
1413,23,3,-368.92999267578125,-210.22999572753906,466.489990234375
1414,23,4,-368.92999267578125,-210.22999572753906,449.4700012207031
1415,23,5,-368.92999267578125,-210.22999572753906,432.45001220703125
1416,23,6,-368.92999267578125,-210.22999572753906,415.42999267578125
1417,23,7,-368.92999267578125,-210.22999572753906,398.4100036621094
1418,23,8,-368.92999267578125,-210.22999572753906,381.3900146484375
1419,23,9,-368.92999267578125,-210.22999572753906,364.3699951171875
1420,23,10,-368.92999267578125,-210.22999572753906,347.3500061035156
1421,23,11,-368.92999267578125,-210.22999572753906,330.3299865722656
1422,23,12,-368.92999267578125,-210.22999572753906,313.30999755859375
1423,23,13,-368.92999267578125,-210.22999572753906,296.2900085449219
1424,23,14,-368.92999267578125,-210.22999572753906,279.260009765625
1425,23,15,-368.92999267578125,-210.22999572753906,262.239990234375
1426,23,16,-368.92999267578125,-210.22999572753906,245.22000122070312
1427,23,17,-368.92999267578125,-210.22999572753906,228.1999969482422
1428,23,18,-368.92999267578125,-210.22999572753906,211.17999267578125
1429,23,19,-368.92999267578125,-210.22999572753906,194.16000366210938
1430,23,20,-368.92999267578125,-210.22999572753906,177.13999938964844
1431,23,21,-368.92999267578125,-210.22999572753906,160.1199951171875
1432,23,22,-368.92999267578125,-210.22999572753906,143.10000610351562
1433,23,23,-368.92999267578125,-210.22999572753906,126.08000183105469
1434,23,24,-368.92999267578125,-210.22999572753906,109.05999755859375
1435,23,25,-368.92999267578125,-210.22999572753906,92.04000091552734
1436,23,26,-368.92999267578125,-210.22999572753906,75.0199966430664
1437,23,27,-368.92999267578125,-210.22999572753906,58.0
1438,23,28,-368.92999267578125,-210.22999572753906,40.970001220703125
1439,23,29,-368.92999267578125,-210.22999572753906,23.950000762939453
1440,23,30,-368.92999267578125,-210.22999572753906,6.929999828338623
1441,23,31,-368.92999267578125,-210.22999572753906,-10.09000015258789
1442,23,32,-368.92999267578125,-210.22999572753906,-27.110000610351562
1443,23,33,-368.92999267578125,-210.22999572753906,-44.130001068115234
1444,23,34,-368.92999267578125,-210.22999572753906,-61.150001525878906
1445,23,35,-368.92999267578125,-210.22999572753906,-78.16999816894531
1446,23,36,-368.92999267578125,-210.22999572753906,-95.19000244140625
1447,23,37,-368.92999267578125,-210.22999572753906,-112.20999908447266
1448,23,38,-368.92999267578125,-210.22999572753906,-129.22999572753906
1449,23,39,-368.92999267578125,-210.22999572753906,-146.25
1450,23,40,-368.92999267578125,-210.22999572753906,-163.27000427246094
1451,23,41,-368.92999267578125,-210.22999572753906,-180.3000030517578
1452,23,42,-368.92999267578125,-210.22999572753906,-197.32000732421875
1453,23,43,-368.92999267578125,-210.22999572753906,-214.33999633789062
1454,23,44,-368.92999267578125,-210.22999572753906,-231.36000061035156
1455,23,45,-368.92999267578125,-210.22999572753906,-248.3800048828125
1456,23,46,-368.92999267578125,-210.22999572753906,-265.3999938964844
1457,23,47,-368.92999267578125,-210.22999572753906,-282.4200134277344
1458,23,48,-368.92999267578125,-210.22999572753906,-299.44000244140625
1459,23,49,-368.92999267578125,-210.22999572753906,-316.4599914550781
1460,23,50,-368.92999267578125,-210.22999572753906,-333.4800109863281
1461,23,51,-368.92999267578125,-210.22999572753906,-350.5
1462,23,52,-368.92999267578125,-210.22999572753906,-367.5199890136719
1463,23,53,-368.92999267578125,-210.22999572753906,-384.5400085449219
1464,23,54,-368.92999267578125,-210.22999572753906,-401.57000732421875
1465,23,55,-368.92999267578125,-210.22999572753906,-418.5899963378906
1466,23,56,-368.92999267578125,-210.22999572753906,-435.6099853515625
1467,23,57,-368.92999267578125,-210.22999572753906,-452.6300048828125
1468,23,58,-368.92999267578125,-210.22999572753906,-469.6499938964844
1469,23,59,-368.92999267578125,-210.22999572753906,-486.6700134277344
1470,23,60,-368.92999267578125,-210.22999572753906,-503.69000244140625
1471,23,61,-389.1600036621094,-194.61000061035156,1945.2099609375
1472,23,62,-388.7900085449219,-195.07000732421875,1945.2099609375
1473,23,63,-381.510009765625,-188.44000244140625,1945.2099609375
1474,23,64,-381.1199951171875,-188.8800048828125,1945.2099609375
1475,24,1,-245.64999389648438,-190.49000549316406,501.4800109863281
1476,24,2,-245.64999389648438,-190.49000549316406,484.4599914550781
1477,24,3,-245.64999389648438,-190.49000549316406,467.44000244140625
1478,24,4,-245.64999389648438,-190.49000549316406,450.4200134277344
1479,24,5,-245.64999389648438,-190.49000549316406,433.3999938964844
1480,24,6,-245.64999389648438,-190.49000549316406,416.3800048828125
1481,24,7,-245.64999389648438,-190.49000549316406,399.3599853515625
1482,24,8,-245.64999389648438,-190.49000549316406,382.3399963378906
1483,24,9,-245.64999389648438,-190.49000549316406,365.32000732421875
1484,24,10,-245.64999389648438,-190.49000549316406,348.29998779296875
1485,24,11,-245.64999389648438,-190.49000549316406,331.2799987792969
1486,24,12,-245.64999389648438,-190.49000549316406,314.260009765625
1487,24,13,-245.64999389648438,-190.49000549316406,297.2300109863281
1488,24,14,-245.64999389648438,-190.49000549316406,280.2099914550781
1489,24,15,-245.64999389648438,-190.49000549316406,263.19000244140625
1490,24,16,-245.64999389648438,-190.49000549316406,246.1699981689453
1491,24,17,-245.64999389648438,-190.49000549316406,229.14999389648438
1492,24,18,-245.64999389648438,-190.49000549316406,212.1300048828125
1493,24,19,-245.64999389648438,-190.49000549316406,195.11000061035156
1494,24,20,-245.64999389648438,-190.49000549316406,178.08999633789062
1495,24,21,-245.64999389648438,-190.49000549316406,161.07000732421875
1496,24,22,-245.64999389648438,-190.49000549316406,144.0500030517578
1497,24,23,-245.64999389648438,-190.49000549316406,127.02999877929688
1498,24,24,-245.64999389648438,-190.49000549316406,110.01000213623047
1499,24,25,-245.64999389648438,-190.49000549316406,92.98999786376953
1500,24,26,-245.64999389648438,-190.49000549316406,75.95999908447266
1501,24,27,-245.64999389648438,-190.49000549316406,58.939998626708984
1502,24,28,-245.64999389648438,-190.49000549316406,41.91999816894531
1503,24,29,-245.64999389648438,-190.49000549316406,24.899999618530273
1504,24,30,-245.64999389648438,-190.49000549316406,7.880000114440918
1505,24,31,-245.64999389648438,-190.49000549316406,-9.140000343322754
1506,24,32,-245.64999389648438,-190.49000549316406,-26.030000686645508
1507,24,33,-245.64999389648438,-190.49000549316406,-42.93000030517578
1508,24,34,-245.64999389648438,-190.49000549316406,-59.95000076293945
1509,24,35,-245.64999389648438,-190.49000549316406,-76.97000122070312
1510,24,36,-245.64999389648438,-190.49000549316406,-93.98999786376953
1511,24,37,-245.64999389648438,-190.49000549316406,-110.87999725341797
1512,24,38,-245.64999389648438,-190.49000549316406,-127.9000015258789
1513,24,39,-245.64999389648438,-190.49000549316406,-144.9199981689453
1514,24,40,-245.64999389648438,-190.49000549316406,-161.9499969482422
1515,24,41,-245.64999389648438,-190.49000549316406,-178.97000122070312
1516,24,42,-245.64999389648438,-190.49000549316406,-195.99000549316406
1517,24,43,-245.64999389648438,-190.49000549316406,-213.00999450683594
1518,24,44,-245.64999389648438,-190.49000549316406,-230.02999877929688
1519,24,45,-245.64999389648438,-190.49000549316406,-247.0500030517578
1520,24,46,-245.64999389648438,-190.49000549316406,-264.07000732421875
1521,24,47,-245.64999389648438,-190.49000549316406,-281.0899963378906
1522,24,48,-245.64999389648438,-190.49000549316406,-298.1099853515625
1523,24,49,-245.64999389648438,-190.49000549316406,-315.1300048828125
1524,24,50,-245.64999389648438,-190.49000549316406,-332.1499938964844
1525,24,51,-245.64999389648438,-190.49000549316406,-349.1700134277344
1526,24,52,-245.64999389648438,-190.49000549316406,-366.19000244140625
1527,24,53,-245.64999389648438,-190.49000549316406,-383.2200012207031
1528,24,54,-245.64999389648438,-190.49000549316406,-400.239990234375
1529,24,55,-245.64999389648438,-190.49000549316406,-417.260009765625
1530,24,56,-245.64999389648438,-190.49000549316406,-434.1499938964844
1531,24,57,-245.64999389648438,-190.49000549316406,-451.07000732421875
1532,24,58,-245.64999389648438,-190.49000549316406,-467.9700012207031
1533,24,59,-245.64999389648438,-190.49000549316406,-484.989990234375
1534,24,60,-245.64999389648438,-190.49000549316406,-502.010009765625
1535,24,61,-225.2100067138672,-175.6300048828125,1945.1500244140625
1536,24,62,-225.72999572753906,-175.88999938964844,1945.1500244140625
1537,24,63,-221.11000061035156,-184.35000610351562,1945.2099609375
1538,24,64,-221.6300048828125,-184.61000061035156,1945.2099609375
1539,25,1,-121.7699966430664,-171.02999877929688,502.2699890136719
1540,25,2,-121.7699966430664,-171.02999877929688,485.25
1541,25,3,-121.7699966430664,-171.02999877929688,468.2300109863281
1542,25,4,-121.7699966430664,-171.02999877929688,451.2099914550781
1543,25,5,-121.7699966430664,-171.02999877929688,434.19000244140625
1544,25,6,-121.7699966430664,-171.02999877929688,417.1700134277344
1545,25,7,-121.7699966430664,-171.02999877929688,400.1499938964844
1546,25,8,-121.7699966430664,-171.02999877929688,383.1300048828125
1547,25,9,-121.7699966430664,-171.02999877929688,366.1099853515625
1548,25,10,-121.7699966430664,-171.02999877929688,349.0899963378906
1549,25,11,-121.7699966430664,-171.02999877929688,332.07000732421875
1550,25,12,-121.7699966430664,-171.02999877929688,315.04998779296875
1551,25,13,-121.7699966430664,-171.02999877929688,298.0299987792969
1552,25,14,-121.7699966430664,-171.02999877929688,281.0
1553,25,15,-121.7699966430664,-171.02999877929688,263.9800109863281
1554,25,16,-121.7699966430664,-171.02999877929688,246.9600067138672
1555,25,17,-121.7699966430664,-171.02999877929688,229.94000244140625
1556,25,18,-121.7699966430664,-171.02999877929688,212.9199981689453
1557,25,19,-121.7699966430664,-171.02999877929688,195.89999389648438
1558,25,20,-121.7699966430664,-171.02999877929688,178.8800048828125
1559,25,21,-121.7699966430664,-171.02999877929688,161.86000061035156
1560,25,22,-121.7699966430664,-171.02999877929688,144.83999633789062
1561,25,23,-121.7699966430664,-171.02999877929688,127.81999969482422
1562,25,24,-121.7699966430664,-171.02999877929688,110.80000305175781
1563,25,25,-121.7699966430664,-171.02999877929688,93.77999877929688
1564,25,26,-121.7699966430664,-171.02999877929688,76.76000213623047
1565,25,27,-121.7699966430664,-171.02999877929688,59.72999954223633
1566,25,28,-121.7699966430664,-171.02999877929688,42.709999084472656
1567,25,29,-121.7699966430664,-171.02999877929688,25.690000534057617
1568,25,30,-121.7699966430664,-171.02999877929688,8.670000076293945
1569,25,31,-121.7699966430664,-171.02999877929688,-8.350000381469727
1570,25,32,-121.7699966430664,-171.02999877929688,-25.3700008392334
1571,25,33,-121.7699966430664,-171.02999877929688,-42.38999938964844
1572,25,34,-121.7699966430664,-171.02999877929688,-59.40999984741211
1573,25,35,-121.7699966430664,-171.02999877929688,-76.43000030517578
1574,25,36,-121.7699966430664,-171.02999877929688,-93.44999694824219
1575,25,37,-121.7699966430664,-171.02999877929688,-110.47000122070312
1576,25,38,-121.7699966430664,-171.02999877929688,-127.48999786376953
1577,25,39,-121.7699966430664,-171.02999877929688,-144.50999450683594
1578,25,40,-121.7699966430664,-171.02999877929688,-161.5399932861328
1579,25,41,-121.7699966430664,-171.02999877929688,-178.55999755859375
1580,25,42,-121.7699966430664,-171.02999877929688,-195.5800018310547
1581,25,43,-121.7699966430664,-171.02999877929688,-212.60000610351562
1582,25,44,-121.7699966430664,-171.02999877929688,-229.6199951171875
1583,25,45,-121.7699966430664,-171.02999877929688,-246.63999938964844
1584,25,46,-121.7699966430664,-171.02999877929688,-263.6600036621094
1585,25,47,-121.7699966430664,-171.02999877929688,-280.67999267578125
1586,25,48,-121.7699966430664,-171.02999877929688,-297.57000732421875
1587,25,49,-121.7699966430664,-171.02999877929688,-314.5899963378906
1588,25,50,-121.7699966430664,-171.02999877929688,-331.489990234375
1589,25,51,-121.7699966430664,-171.02999877929688,-348.510009765625
1590,25,52,-121.7699966430664,-171.02999877929688,-365.5299987792969
1591,25,53,-121.7699966430664,-171.02999877929688,-382.54998779296875
1592,25,54,-121.7699966430664,-171.02999877929688,-399.5799865722656
1593,25,55,-121.7699966430664,-171.02999877929688,-416.6000061035156
1594,25,56,-121.7699966430664,-171.02999877929688,-433.4800109863281
1595,25,57,-121.7699966430664,-171.02999877929688,-450.5
1596,25,58,-121.7699966430664,-171.02999877929688,-467.5199890136719
1597,25,59,-121.7699966430664,-171.02999877929688,-484.5400085449219
1598,25,60,-121.7699966430664,-171.02999877929688,-501.55999755859375
1599,25,61,-102.27999877929688,-155.6699981689453,1945.219970703125
1600,25,62,-102.79000091552734,-155.94000244140625,1945.219970703125
1601,25,63,-98.05000305175781,-164.5500030517578,1945.1800537109375
1602,25,64,-98.55999755859375,-164.82000732421875,1945.1800537109375
1603,26,1,1.7100000381469727,-150.6300048828125,497.25
1604,26,2,1.7100000381469727,-150.6300048828125,480.2300109863281
1605,26,3,1.7100000381469727,-150.6300048828125,463.2099914550781
1606,26,4,1.7100000381469727,-150.6300048828125,446.19000244140625
1607,26,5,1.7100000381469727,-150.6300048828125,429.1700134277344
1608,26,6,1.7100000381469727,-150.6300048828125,412.1499938964844
1609,26,7,1.7100000381469727,-150.6300048828125,395.1300048828125
1610,26,8,1.7100000381469727,-150.6300048828125,378.1099853515625
1611,26,9,1.7100000381469727,-150.6300048828125,361.0899963378906
1612,26,10,1.7100000381469727,-150.6300048828125,344.07000732421875
1613,26,11,1.7100000381469727,-150.6300048828125,327.04998779296875
1614,26,12,1.7100000381469727,-150.6300048828125,310.0299987792969
1615,26,13,1.7100000381469727,-150.6300048828125,293.010009765625
1616,26,14,1.7100000381469727,-150.6300048828125,275.9800109863281
1617,26,15,1.7100000381469727,-150.6300048828125,258.9599914550781
1618,26,16,1.7100000381469727,-150.6300048828125,241.94000244140625
1619,26,17,1.7100000381469727,-150.6300048828125,224.9199981689453
1620,26,18,1.7100000381469727,-150.6300048828125,207.89999389648438
1621,26,19,1.7100000381469727,-150.6300048828125,190.8800048828125
1622,26,20,1.7100000381469727,-150.6300048828125,173.86000061035156
1623,26,21,1.7100000381469727,-150.6300048828125,156.83999633789062
1624,26,22,1.7100000381469727,-150.6300048828125,139.82000732421875
1625,26,23,1.7100000381469727,-150.6300048828125,122.80000305175781
1626,26,24,1.7100000381469727,-150.6300048828125,105.77999877929688
1627,26,25,1.7100000381469727,-150.6300048828125,88.76000213623047
1628,26,26,1.7100000381469727,-150.6300048828125,71.73999786376953
1629,26,27,1.7100000381469727,-150.6300048828125,54.720001220703125
1630,26,28,1.7100000381469727,-150.6300048828125,37.689998626708984
1631,26,29,1.7100000381469727,-150.6300048828125,20.670000076293945
1632,26,30,1.7100000381469727,-150.6300048828125,3.6500000953674316
1633,26,31,1.7100000381469727,-150.6300048828125,-13.369999885559082
1634,26,32,1.7100000381469727,-150.6300048828125,-30.389999389648438
1635,26,33,1.7100000381469727,-150.6300048828125,-47.40999984741211
1636,26,34,1.7100000381469727,-150.6300048828125,-64.43000030517578
1637,26,35,1.7100000381469727,-150.6300048828125,-81.44999694824219
1638,26,36,1.7100000381469727,-150.6300048828125,-98.47000122070312
1639,26,37,1.7100000381469727,-150.6300048828125,-115.48999786376953
1640,26,38,1.7100000381469727,-150.6300048828125,-132.50999450683594
1641,26,39,1.7100000381469727,-150.6300048828125,-149.52999877929688
1642,26,40,1.7100000381469727,-150.6300048828125,-166.5500030517578
1643,26,41,1.7100000381469727,-150.6300048828125,-183.5800018310547
1644,26,42,1.7100000381469727,-150.6300048828125,-200.60000610351562
1645,26,43,1.7100000381469727,-150.6300048828125,-217.6199951171875
1646,26,44,1.7100000381469727,-150.6300048828125,-234.63999938964844
1647,26,45,1.7100000381469727,-150.6300048828125,-251.66000366210938
1648,26,46,1.7100000381469727,-150.6300048828125,-268.67999267578125
1649,26,47,1.7100000381469727,-150.6300048828125,-285.70001220703125
1650,26,48,1.7100000381469727,-150.6300048828125,-302.7200012207031
1651,26,49,1.7100000381469727,-150.6300048828125,-319.739990234375
1652,26,50,1.7100000381469727,-150.6300048828125,-336.760009765625
1653,26,51,1.7100000381469727,-150.6300048828125,-353.7799987792969
1654,26,52,1.7100000381469727,-150.6300048828125,-370.79998779296875
1655,26,53,1.7100000381469727,-150.6300048828125,-387.82000732421875
1656,26,54,1.7100000381469727,-150.6300048828125,-404.8500061035156
1657,26,55,1.7100000381469727,-150.6300048828125,-421.8699951171875
1658,26,56,1.7100000381469727,-150.6300048828125,-438.8900146484375
1659,26,57,1.7100000381469727,-150.6300048828125,-455.9100036621094
1660,26,58,1.7100000381469727,-150.6300048828125,-472.92999267578125
1661,26,59,1.7100000381469727,-150.6300048828125,-489.95001220703125
1662,26,60,1.7100000381469727,-150.6300048828125,-506.9700012207031
1663,26,61,13.630000114440918,-129.1199951171875,1944.780029296875
1664,26,62,13.289999961853027,-129.58999633789062,1944.780029296875
1665,26,63,21.1200008392334,-135.67999267578125,1944.6500244140625
1666,26,64,20.780000686645508,-136.14999389648438,1944.6500244140625
1667,27,1,124.97000122070312,-131.25,493.6499938964844
1668,27,2,124.97000122070312,-131.25,476.6300048828125
1669,27,3,124.97000122070312,-131.25,459.6099853515625
1670,27,4,124.97000122070312,-131.25,442.5899963378906
1671,27,5,124.97000122070312,-131.25,425.57000732421875
1672,27,6,124.97000122070312,-131.25,408.54998779296875
1673,27,7,124.97000122070312,-131.25,391.5299987792969
1674,27,8,124.97000122070312,-131.25,374.510009765625
1675,27,9,124.97000122070312,-131.25,357.489990234375
1676,27,10,124.97000122070312,-131.25,340.4700012207031
1677,27,11,124.97000122070312,-131.25,323.45001220703125
1678,27,12,124.97000122070312,-131.25,306.42999267578125
1679,27,13,124.97000122070312,-131.25,289.4100036621094
1680,27,14,124.97000122070312,-131.25,272.3800048828125
1681,27,15,124.97000122070312,-131.25,255.36000061035156
1682,27,16,124.97000122070312,-131.25,238.33999633789062
1683,27,17,124.97000122070312,-131.25,221.32000732421875
1684,27,18,124.97000122070312,-131.25,204.3000030517578
1685,27,19,124.97000122070312,-131.25,187.27999877929688
1686,27,20,124.97000122070312,-131.25,170.25999450683594
1687,27,21,124.97000122070312,-131.25,153.24000549316406
1688,27,22,124.97000122070312,-131.25,136.22000122070312
1689,27,23,124.97000122070312,-131.25,119.19999694824219
1690,27,24,124.97000122070312,-131.25,102.18000030517578
1691,27,25,124.97000122070312,-131.25,85.16000366210938
1692,27,26,124.97000122070312,-131.25,68.13999938964844
1693,27,27,124.97000122070312,-131.25,51.119998931884766
1694,27,28,124.97000122070312,-131.25,34.09000015258789
1695,27,29,124.97000122070312,-131.25,17.06999969482422
1696,27,30,124.97000122070312,-131.25,0.05000000074505806
1697,27,31,124.97000122070312,-131.25,-16.969999313354492
1698,27,32,124.97000122070312,-131.25,-33.9900016784668
1699,27,33,124.97000122070312,-131.25,-51.0099983215332
1700,27,34,124.97000122070312,-131.25,-68.02999877929688
1701,27,35,124.97000122070312,-131.25,-85.05000305175781
1702,27,36,124.97000122070312,-131.25,-102.06999969482422
1703,27,37,124.97000122070312,-131.25,-119.08999633789062
1704,27,38,124.97000122070312,-131.25,-136.11000061035156
1705,27,39,124.97000122070312,-131.25,-153.1300048828125
1706,27,40,124.97000122070312,-131.25,-170.14999389648438
1707,27,41,124.97000122070312,-131.25,-187.17999267578125
1708,27,42,124.97000122070312,-131.25,-204.1999969482422
1709,27,43,124.97000122070312,-131.25,-221.22000122070312
1710,27,44,124.97000122070312,-131.25,-238.24000549316406
1711,27,45,124.97000122070312,-131.25,-255.25999450683594
1712,27,46,124.97000122070312,-131.25,-272.2799987792969
1713,27,47,124.97000122070312,-131.25,-289.29998779296875
1714,27,48,124.97000122070312,-131.25,-306.32000732421875
1715,27,49,124.97000122070312,-131.25,-323.3399963378906
1716,27,50,124.97000122070312,-131.25,-340.3599853515625
1717,27,51,124.97000122070312,-131.25,-357.3800048828125
1718,27,52,124.97000122070312,-131.25,-374.3999938964844
1719,27,53,124.97000122070312,-131.25,-391.4200134277344
1720,27,54,124.97000122070312,-131.25,-408.45001220703125
1721,27,55,124.97000122070312,-131.25,-425.4700012207031
1722,27,56,124.97000122070312,-131.25,-442.489990234375
1723,27,57,124.97000122070312,-131.25,-459.510009765625
1724,27,58,124.97000122070312,-131.25,-476.5299987792969
1725,27,59,124.97000122070312,-131.25,-493.54998779296875
1726,27,60,124.97000122070312,-131.25,-510.57000732421875
1727,27,61,125.6500015258789,-105.91000366210938,1944.5899658203125
1728,27,62,125.5199966430664,-106.4800033569336,1944.5899658203125
1729,27,63,135.02000427246094,-108.43000030517578,1944.72998046875
1730,27,64,134.89999389648438,-108.98999786376953,1944.72998046875
1731,28,1,248.14999389648438,-111.87000274658203,498.3399963378906
1732,28,2,248.14999389648438,-111.87000274658203,481.010009765625
1733,28,3,248.14999389648438,-111.87000274658203,463.989990234375
1734,28,4,248.14999389648438,-111.87000274658203,446.9700012207031
1735,28,5,248.14999389648438,-111.87000274658203,429.95001220703125
1736,28,6,248.14999389648438,-111.87000274658203,412.92999267578125
1737,28,7,248.14999389648438,-111.87000274658203,395.9100036621094
1738,28,8,248.14999389648438,-111.87000274658203,378.8900146484375
1739,28,9,248.14999389648438,-111.87000274658203,361.8699951171875
1740,28,10,248.14999389648438,-111.87000274658203,344.8500061035156
1741,28,11,248.14999389648438,-111.87000274658203,327.8299865722656
1742,28,12,248.14999389648438,-111.87000274658203,310.80999755859375
1743,28,13,248.14999389648438,-111.87000274658203,293.7900085449219
1744,28,14,248.14999389648438,-111.87000274658203,276.760009765625
1745,28,15,248.14999389648438,-111.87000274658203,259.739990234375
1746,28,16,248.14999389648438,-111.87000274658203,242.72000122070312
1747,28,17,248.14999389648438,-111.87000274658203,225.6999969482422
1748,28,18,248.14999389648438,-111.87000274658203,208.67999267578125
1749,28,19,248.14999389648438,-111.87000274658203,191.66000366210938
1750,28,20,248.14999389648438,-111.87000274658203,174.63999938964844
1751,28,21,248.14999389648438,-111.87000274658203,157.6199951171875
1752,28,22,248.14999389648438,-111.87000274658203,140.60000610351562
1753,28,23,248.14999389648438,-111.87000274658203,123.58000183105469
1754,28,24,248.14999389648438,-111.87000274658203,106.55999755859375
1755,28,25,248.14999389648438,-111.87000274658203,89.54000091552734
1756,28,26,248.14999389648438,-111.87000274658203,72.5199966430664
1757,28,27,248.14999389648438,-111.87000274658203,55.5
1758,28,28,248.14999389648438,-111.87000274658203,38.470001220703125
1759,28,29,248.14999389648438,-111.87000274658203,21.450000762939453
1760,28,30,248.14999389648438,-111.87000274658203,4.429999828338623
1761,28,31,248.14999389648438,-111.87000274658203,-12.59000015258789
1762,28,32,248.14999389648438,-111.87000274658203,-29.610000610351562
1763,28,33,248.14999389648438,-111.87000274658203,-46.630001068115234
1764,28,34,248.14999389648438,-111.87000274658203,-63.650001525878906
1765,28,35,248.14999389648438,-111.87000274658203,-80.66999816894531
1766,28,36,248.14999389648438,-111.87000274658203,-97.69000244140625
1767,28,37,248.14999389648438,-111.87000274658203,-114.70999908447266
1768,28,38,248.14999389648438,-111.87000274658203,-131.72999572753906
1769,28,39,248.14999389648438,-111.87000274658203,-148.75
1770,28,40,248.14999389648438,-111.87000274658203,-165.77000427246094
1771,28,41,248.14999389648438,-111.87000274658203,-182.8000030517578
1772,28,42,248.14999389648438,-111.87000274658203,-199.82000732421875
1773,28,43,248.14999389648438,-111.87000274658203,-216.83999633789062
1774,28,44,248.14999389648438,-111.87000274658203,-233.86000061035156
1775,28,45,248.14999389648438,-111.87000274658203,-250.8800048828125
1776,28,46,248.14999389648438,-111.87000274658203,-267.8999938964844
1777,28,47,248.14999389648438,-111.87000274658203,-284.9200134277344
1778,28,48,248.14999389648438,-111.87000274658203,-301.94000244140625
1779,28,49,248.14999389648438,-111.87000274658203,-318.9599914550781
1780,28,50,248.14999389648438,-111.87000274658203,-335.9800109863281
1781,28,51,248.14999389648438,-111.87000274658203,-353.0
1782,28,52,248.14999389648438,-111.87000274658203,-370.0199890136719
1783,28,53,248.14999389648438,-111.87000274658203,-387.0400085449219
1784,28,54,248.14999389648438,-111.87000274658203,-404.07000732421875
1785,28,55,248.14999389648438,-111.87000274658203,-421.0899963378906
1786,28,56,248.14999389648438,-111.87000274658203,-438.1099853515625
1787,28,57,248.14999389648438,-111.87000274658203,-455.1300048828125
1788,28,58,248.14999389648438,-111.87000274658203,-472.1499938964844
1789,28,59,248.14999389648438,-111.87000274658203,-489.1700134277344
1790,28,60,248.14999389648438,-111.87000274658203,-506.19000244140625
1791,28,61,228.55999755859375,-95.62000274658203,1946.199951171875
1792,28,62,228.94000244140625,-96.05999755859375,1946.199951171875
1793,28,63,235.92999267578125,-89.62999725341797,1946.199951171875
1794,28,64,236.3300018310547,-90.05000305175781,1946.199951171875
1795,29,1,371.55999755859375,-92.18000030517578,501.5799865722656
1796,29,2,371.55999755859375,-92.18000030517578,485.55999755859375
1797,29,3,371.55999755859375,-92.18000030517578,467.5400085449219
1798,29,4,371.55999755859375,-92.18000030517578,451.5199890136719
1799,29,5,371.55999755859375,-92.18000030517578,433.5
1800,29,6,371.55999755859375,-92.18000030517578,417.4800109863281
1801,29,7,371.55999755859375,-92.18000030517578,399.4599914550781
1802,29,8,371.55999755859375,-92.18000030517578,383.44000244140625
1803,29,9,371.55999755859375,-92.18000030517578,365.4200134277344
1804,29,10,371.55999755859375,-92.18000030517578,349.3999938964844
1805,29,11,371.55999755859375,-92.18000030517578,331.3800048828125
1806,29,12,371.55999755859375,-92.18000030517578,315.3599853515625
1807,29,13,371.55999755859375,-92.18000030517578,297.3299865722656
1808,29,14,371.55999755859375,-92.18000030517578,281.30999755859375
1809,29,15,371.55999755859375,-92.18000030517578,263.2900085449219
1810,29,16,371.55999755859375,-92.18000030517578,247.27000427246094
1811,29,17,371.55999755859375,-92.18000030517578,229.25
1812,29,18,371.55999755859375,-92.18000030517578,213.22999572753906
1813,29,19,371.55999755859375,-92.18000030517578,195.2100067138672
1814,29,20,371.55999755859375,-92.18000030517578,179.19000244140625
1815,29,21,371.55999755859375,-92.18000030517578,161.1699981689453
1816,29,22,371.55999755859375,-92.18000030517578,145.14999389648438
1817,29,23,371.55999755859375,-92.18000030517578,127.12999725341797
1818,29,24,371.55999755859375,-92.18000030517578,111.11000061035156
1819,29,25,371.55999755859375,-92.18000030517578,93.08999633789062
1820,29,26,371.55999755859375,-92.18000030517578,77.06999969482422
1821,29,27,371.55999755859375,-92.18000030517578,59.040000915527344
1822,29,28,371.55999755859375,-92.18000030517578,43.02000045776367
1823,29,29,371.55999755859375,-92.18000030517578,25.0
1824,29,30,371.55999755859375,-92.18000030517578,8.979999542236328
1825,29,31,371.55999755859375,-92.18000030517578,-9.039999961853027
1826,29,32,371.55999755859375,-92.18000030517578,-25.059999465942383
1827,29,33,371.55999755859375,-92.18000030517578,-43.08000183105469
1828,29,34,371.55999755859375,-92.18000030517578,-59.099998474121094
1829,29,35,371.55999755859375,-92.18000030517578,-77.12000274658203
1830,29,36,371.55999755859375,-92.18000030517578,-93.13999938964844
1831,29,37,371.55999755859375,-92.18000030517578,-111.16000366210938
1832,29,38,371.55999755859375,-92.18000030517578,-127.18000030517578
1833,29,39,371.55999755859375,-92.18000030517578,-145.2100067138672
1834,29,40,371.55999755859375,-92.18000030517578,-161.22000122070312
1835,29,41,371.55999755859375,-92.18000030517578,-179.25
1836,29,42,371.55999755859375,-92.18000030517578,-195.27000427246094
1837,29,43,371.55999755859375,-92.18000030517578,-213.2899932861328
1838,29,44,371.55999755859375,-92.18000030517578,-229.30999755859375
1839,29,45,371.55999755859375,-92.18000030517578,-247.3300018310547
1840,29,46,371.55999755859375,-92.18000030517578,-263.3500061035156
1841,29,47,371.55999755859375,-92.18000030517578,-281.3699951171875
1842,29,48,371.55999755859375,-92.18000030517578,-297.3900146484375
1843,29,49,371.55999755859375,-92.18000030517578,-315.4100036621094
1844,29,50,371.55999755859375,-92.18000030517578,-331.42999267578125
1845,29,51,371.55999755859375,-92.18000030517578,-349.45001220703125
1846,29,52,371.55999755859375,-92.18000030517578,-365.4700012207031
1847,29,53,371.55999755859375,-92.18000030517578,-383.5
1848,29,54,371.55999755859375,-92.18000030517578,-399.5199890136719
1849,29,55,371.55999755859375,-92.18000030517578,-417.5400085449219
1850,29,56,371.55999755859375,-92.18000030517578,-433.55999755859375
1851,29,57,371.55999755859375,-92.18000030517578,-451.5799865722656
1852,29,58,371.55999755859375,-92.18000030517578,-467.6000061035156
1853,29,59,371.55999755859375,-92.18000030517578,-485.6199951171875
1854,29,60,371.55999755859375,-92.18000030517578,-501.6400146484375
1855,29,61,363.260009765625,-115.94000244140625,1946.5899658203125
1856,29,62,363.510009765625,-115.43000030517578,1946.5899658203125
1857,29,63,354.6199951171875,-110.31999969482422,1946.6400146484375
1858,29,64,354.8699951171875,-109.80000305175781,1946.6400146484375
1859,30,1,500.42999267578125,-58.45000076293945,501.8500061035156
1860,30,2,500.42999267578125,-58.45000076293945,484.8299865722656
1861,30,3,500.42999267578125,-58.45000076293945,467.80999755859375
1862,30,4,500.42999267578125,-58.45000076293945,450.7900085449219
1863,30,5,500.42999267578125,-58.45000076293945,433.7699890136719
1864,30,6,500.42999267578125,-58.45000076293945,416.75
1865,30,7,500.42999267578125,-58.45000076293945,399.7300109863281
1866,30,8,500.42999267578125,-58.45000076293945,382.7099914550781
1867,30,9,500.42999267578125,-58.45000076293945,365.69000244140625
1868,30,10,500.42999267578125,-58.45000076293945,348.6700134277344
1869,30,11,500.42999267578125,-58.45000076293945,331.6499938964844
1870,30,12,500.42999267578125,-58.45000076293945,314.6300048828125
1871,30,13,500.42999267578125,-58.45000076293945,297.6099853515625
1872,30,14,500.42999267578125,-58.45000076293945,280.5799865722656
1873,30,15,500.42999267578125,-58.45000076293945,263.55999755859375
1874,30,16,500.42999267578125,-58.45000076293945,246.5399932861328
1875,30,17,500.42999267578125,-58.45000076293945,229.52000427246094
1876,30,18,500.42999267578125,-58.45000076293945,212.5
1877,30,19,500.42999267578125,-58.45000076293945,195.47999572753906
1878,30,20,500.42999267578125,-58.45000076293945,178.4600067138672
1879,30,21,500.42999267578125,-58.45000076293945,161.44000244140625
1880,30,22,500.42999267578125,-58.45000076293945,144.4199981689453
1881,30,23,500.42999267578125,-58.45000076293945,127.4000015258789
1882,30,24,500.42999267578125,-58.45000076293945,110.37999725341797
1883,30,25,500.42999267578125,-58.45000076293945,93.36000061035156
1884,30,26,500.42999267578125,-58.45000076293945,76.33999633789062
1885,30,27,500.42999267578125,-58.45000076293945,59.31999969482422
1886,30,28,500.42999267578125,-58.45000076293945,42.290000915527344
1887,30,29,500.42999267578125,-58.45000076293945,25.270000457763672
1888,30,30,500.42999267578125,-58.45000076293945,8.25
1889,30,31,500.42999267578125,-58.45000076293945,-8.770000457763672
1890,30,32,500.42999267578125,-58.45000076293945,-25.790000915527344
1891,30,33,500.42999267578125,-58.45000076293945,-42.810001373291016
1892,30,34,500.42999267578125,-58.45000076293945,-59.83000183105469
1893,30,35,500.42999267578125,-58.45000076293945,-76.8499984741211
1894,30,36,500.42999267578125,-58.45000076293945,-93.87000274658203
1895,30,37,500.42999267578125,-58.45000076293945,-110.88999938964844
1896,30,38,500.42999267578125,-58.45000076293945,-127.91000366210938
1897,30,39,500.42999267578125,-58.45000076293945,-144.92999267578125
1898,30,40,500.42999267578125,-58.45000076293945,-161.9499969482422
1899,30,41,500.42999267578125,-58.45000076293945,-178.97999572753906
1900,30,42,500.42999267578125,-58.45000076293945,-196.0
1901,30,43,500.42999267578125,-58.45000076293945,-213.02000427246094
1902,30,44,500.42999267578125,-58.45000076293945,-230.0399932861328
1903,30,45,500.42999267578125,-58.45000076293945,-247.05999755859375
1904,30,46,500.42999267578125,-58.45000076293945,-264.0799865722656
1905,30,47,500.42999267578125,-58.45000076293945,-281.1000061035156
1906,30,48,500.42999267578125,-58.45000076293945,-298.1199951171875
1907,30,49,500.42999267578125,-58.45000076293945,-315.1400146484375
1908,30,50,500.42999267578125,-58.45000076293945,-332.1600036621094
1909,30,51,500.42999267578125,-58.45000076293945,-349.17999267578125
1910,30,52,500.42999267578125,-58.45000076293945,-366.20001220703125
1911,30,53,500.42999267578125,-58.45000076293945,-383.2200012207031
1912,30,54,500.42999267578125,-58.45000076293945,-400.25
1913,30,55,500.42999267578125,-58.45000076293945,-417.2699890136719
1914,30,56,500.42999267578125,-58.45000076293945,-434.2900085449219
1915,30,57,500.42999267578125,-58.45000076293945,-451.30999755859375
1916,30,58,500.42999267578125,-58.45000076293945,-468.3299865722656
1917,30,59,500.42999267578125,-58.45000076293945,-485.3500061035156
1918,30,60,500.42999267578125,-58.45000076293945,-502.3699951171875
1919,30,61,523.9400024414062,-67.4800033569336,1949.510009765625
1920,30,62,523.4400024414062,-67.20999908447266,1949.510009765625
1921,30,63,518.3800048828125,-76.2300033569336,1949.3499755859375
1922,30,64,517.9000244140625,-75.91999816894531,1949.3499755859375
1923,31,1,-570.9000244140625,-125.13999938964844,499.6000061035156
1924,31,2,-570.9000244140625,-125.13999938964844,482.5799865722656
1925,31,3,-570.9000244140625,-125.13999938964844,465.55999755859375
1926,31,4,-570.9000244140625,-125.13999938964844,448.5400085449219
1927,31,5,-570.9000244140625,-125.13999938964844,431.5199890136719
1928,31,6,-570.9000244140625,-125.13999938964844,414.5
1929,31,7,-570.9000244140625,-125.13999938964844,397.4800109863281
1930,31,8,-570.9000244140625,-125.13999938964844,380.4599914550781
1931,31,9,-570.9000244140625,-125.13999938964844,363.44000244140625
1932,31,10,-570.9000244140625,-125.13999938964844,346.4200134277344
1933,31,11,-570.9000244140625,-125.13999938964844,329.3999938964844
1934,31,12,-570.9000244140625,-125.13999938964844,312.3800048828125
1935,31,13,-570.9000244140625,-125.13999938964844,295.3599853515625
1936,31,14,-570.9000244140625,-125.13999938964844,278.3299865722656
1937,31,15,-570.9000244140625,-125.13999938964844,261.30999755859375
1938,31,16,-570.9000244140625,-125.13999938964844,244.2899932861328
1939,31,17,-570.9000244140625,-125.13999938964844,227.27000427246094
1940,31,18,-570.9000244140625,-125.13999938964844,210.25
1941,31,19,-570.9000244140625,-125.13999938964844,193.22999572753906
1942,31,20,-570.9000244140625,-125.13999938964844,176.2100067138672
1943,31,21,-570.9000244140625,-125.13999938964844,159.19000244140625
1944,31,22,-570.9000244140625,-125.13999938964844,142.1699981689453
1945,31,23,-570.9000244140625,-125.13999938964844,125.1500015258789
1946,31,24,-570.9000244140625,-125.13999938964844,108.12999725341797
1947,31,25,-570.9000244140625,-125.13999938964844,91.11000061035156
1948,31,26,-570.9000244140625,-125.13999938964844,74.08999633789062
1949,31,27,-570.9000244140625,-125.13999938964844,57.06999969482422
1950,31,28,-570.9000244140625,-125.13999938964844,40.040000915527344
1951,31,29,-570.9000244140625,-125.13999938964844,23.020000457763672
1952,31,30,-570.9000244140625,-125.13999938964844,6.0
1953,31,31,-570.9000244140625,-125.13999938964844,-11.020000457763672
1954,31,32,-570.9000244140625,-125.13999938964844,-28.040000915527344
1955,31,33,-570.9000244140625,-125.13999938964844,-45.060001373291016
1956,31,34,-570.9000244140625,-125.13999938964844,-62.08000183105469
1957,31,35,-570.9000244140625,-125.13999938964844,-79.0999984741211
1958,31,36,-570.9000244140625,-125.13999938964844,-96.12000274658203
1959,31,37,-570.9000244140625,-125.13999938964844,-113.13999938964844
1960,31,38,-570.9000244140625,-125.13999938964844,-130.16000366210938
1961,31,39,-570.9000244140625,-125.13999938964844,-147.17999267578125
1962,31,40,-570.9000244140625,-125.13999938964844,-164.1999969482422
1963,31,41,-570.9000244140625,-125.13999938964844,-181.22999572753906
1964,31,42,-570.9000244140625,-125.13999938964844,-198.25
1965,31,43,-570.9000244140625,-125.13999938964844,-215.27000427246094
1966,31,44,-570.9000244140625,-125.13999938964844,-232.2899932861328
1967,31,45,-570.9000244140625,-125.13999938964844,-249.30999755859375
1968,31,46,-570.9000244140625,-125.13999938964844,-266.3299865722656
1969,31,47,-570.9000244140625,-125.13999938964844,-283.3500061035156
1970,31,48,-570.9000244140625,-125.13999938964844,-300.3699951171875
1971,31,49,-570.9000244140625,-125.13999938964844,-317.3900146484375
1972,31,50,-570.9000244140625,-125.13999938964844,-334.4100036621094
1973,31,51,-570.9000244140625,-125.13999938964844,-351.42999267578125
1974,31,52,-570.9000244140625,-125.13999938964844,-368.45001220703125
1975,31,53,-570.9000244140625,-125.13999938964844,-385.4700012207031
1976,31,54,-570.9000244140625,-125.13999938964844,-402.5
1977,31,55,-570.9000244140625,-125.13999938964844,-419.5199890136719
1978,31,56,-570.9000244140625,-125.13999938964844,-436.5400085449219
1979,31,57,-570.9000244140625,-125.13999938964844,-453.55999755859375
1980,31,58,-570.9000244140625,-125.13999938964844,-470.5799865722656
1981,31,59,-570.9000244140625,-125.13999938964844,-487.6000061035156
1982,31,60,-570.9000244140625,-125.13999938964844,-504.6199951171875
1983,31,61,-547.6799926757812,-141.58999633789062,1944.6800537109375
1984,31,62,-548.1699829101562,-141.27999877929688,1944.6800537109375
1985,31,63,-553.27001953125,-149.66000366210938,1944.6700439453125
1986,31,64,-553.75,-149.33999633789062,1944.6700439453125
1987,32,1,-447.739990234375,-113.12999725341797,500.6700134277344
1988,32,2,-447.739990234375,-113.12999725341797,483.6499938964844
1989,32,3,-447.739990234375,-113.12999725341797,466.6300048828125
1990,32,4,-447.739990234375,-113.12999725341797,449.6099853515625
1991,32,5,-447.739990234375,-113.12999725341797,432.5899963378906
1992,32,6,-447.739990234375,-113.12999725341797,415.57000732421875
1993,32,7,-447.739990234375,-113.12999725341797,398.54998779296875
1994,32,8,-447.739990234375,-113.12999725341797,381.5299987792969
1995,32,9,-447.739990234375,-113.12999725341797,364.510009765625
1996,32,10,-447.739990234375,-113.12999725341797,347.489990234375
1997,32,11,-447.739990234375,-113.12999725341797,330.4700012207031
1998,32,12,-447.739990234375,-113.12999725341797,313.45001220703125
1999,32,13,-447.739990234375,-113.12999725341797,296.42999267578125
2000,32,14,-447.739990234375,-113.12999725341797,279.3999938964844
2001,32,15,-447.739990234375,-113.12999725341797,262.3800048828125
2002,32,16,-447.739990234375,-113.12999725341797,245.36000061035156
2003,32,17,-447.739990234375,-113.12999725341797,228.33999633789062
2004,32,18,-447.739990234375,-113.12999725341797,211.32000732421875
2005,32,19,-447.739990234375,-113.12999725341797,194.3000030517578
2006,32,20,-447.739990234375,-113.12999725341797,177.27999877929688
2007,32,21,-447.739990234375,-113.12999725341797,160.25999450683594
2008,32,22,-447.739990234375,-113.12999725341797,143.24000549316406
2009,32,23,-447.739990234375,-113.12999725341797,126.22000122070312
2010,32,24,-447.739990234375,-113.12999725341797,109.19999694824219
2011,32,25,-447.739990234375,-113.12999725341797,92.18000030517578
2012,32,26,-447.739990234375,-113.12999725341797,75.16000366210938
2013,32,27,-447.739990234375,-113.12999725341797,58.13999938964844
2014,32,28,-447.739990234375,-113.12999725341797,41.11000061035156
2015,32,29,-447.739990234375,-113.12999725341797,24.09000015258789
2016,32,30,-447.739990234375,-113.12999725341797,7.070000171661377
2017,32,31,-447.739990234375,-113.12999725341797,-9.949999809265137
2018,32,32,-447.739990234375,-113.12999725341797,-26.969999313354492
2019,32,33,-447.739990234375,-113.12999725341797,-43.9900016784668
2020,32,34,-447.739990234375,-113.12999725341797,-61.0099983215332
2021,32,35,-447.739990234375,-113.12999725341797,-78.02999877929688
2022,32,36,-447.739990234375,-113.12999725341797,-95.05000305175781
2023,32,37,-447.739990234375,-113.12999725341797,-112.06999969482422
2024,32,38,-447.739990234375,-113.12999725341797,-129.08999633789062
2025,32,39,-447.739990234375,-113.12999725341797,-146.11000061035156
2026,32,40,-447.739990234375,-113.12999725341797,-163.1300048828125
2027,32,41,-447.739990234375,-113.12999725341797,-180.16000366210938
2028,32,42,-447.739990234375,-113.12999725341797,-197.17999267578125
2029,32,43,-447.739990234375,-113.12999725341797,-214.1999969482422
2030,32,44,-447.739990234375,-113.12999725341797,-231.22000122070312
2031,32,45,-447.739990234375,-113.12999725341797,-248.24000549316406
2032,32,46,-447.739990234375,-113.12999725341797,-265.260009765625
2033,32,47,-447.739990234375,-113.12999725341797,-282.2799987792969
2034,32,48,-447.739990234375,-113.12999725341797,-299.29998779296875
2035,32,49,-447.739990234375,-113.12999725341797,-316.32000732421875
2036,32,50,-447.739990234375,-113.12999725341797,-333.3399963378906
2037,32,51,-447.739990234375,-113.12999725341797,-350.3599853515625
2038,32,52,-447.739990234375,-113.12999725341797,-367.3800048828125
2039,32,53,-447.739990234375,-113.12999725341797,-384.3999938964844
2040,32,54,-447.739990234375,-113.12999725341797,-401.42999267578125
2041,32,55,-447.739990234375,-113.12999725341797,-418.45001220703125
2042,32,56,-447.739990234375,-113.12999725341797,-435.4700012207031
2043,32,57,-447.739990234375,-113.12999725341797,-452.489990234375
2044,32,58,-447.739990234375,-113.12999725341797,-469.510009765625
2045,32,59,-447.739990234375,-113.12999725341797,-486.5299987792969
2046,32,60,-447.739990234375,-113.12999725341797,-503.54998779296875
2047,32,61,-452.6199951171875,-88.08999633789062,1945.1700439453125
2048,32,62,-452.6199951171875,-88.66999816894531,1945.1700439453125
2049,32,63,-442.760009765625,-88.33000183105469,1945.1300048828125
2050,32,64,-442.7900085449219,-88.9000015258789,1945.1300048828125
2051,33,1,-324.3900146484375,-93.43000030517578,500.1300048828125
2052,33,2,-324.3900146484375,-93.43000030517578,483.1099853515625
2053,33,3,-324.3900146484375,-93.43000030517578,466.0899963378906
2054,33,4,-324.3900146484375,-93.43000030517578,449.07000732421875
2055,33,5,-324.3900146484375,-93.43000030517578,432.04998779296875
2056,33,6,-324.3900146484375,-93.43000030517578,415.0299987792969
2057,33,7,-324.3900146484375,-93.43000030517578,398.010009765625
2058,33,8,-324.3900146484375,-93.43000030517578,380.989990234375
2059,33,9,-324.3900146484375,-93.43000030517578,363.9700012207031
2060,33,10,-324.3900146484375,-93.43000030517578,346.95001220703125
2061,33,11,-324.3900146484375,-93.43000030517578,329.92999267578125
2062,33,12,-324.3900146484375,-93.43000030517578,312.9100036621094
2063,33,13,-324.3900146484375,-93.43000030517578,295.8900146484375
2064,33,14,-324.3900146484375,-93.43000030517578,278.8599853515625
2065,33,15,-324.3900146484375,-93.43000030517578,261.8399963378906
2066,33,16,-324.3900146484375,-93.43000030517578,244.82000732421875
2067,33,17,-324.3900146484375,-93.43000030517578,227.8000030517578
2068,33,18,-324.3900146484375,-93.43000030517578,210.77999877929688
2069,33,19,-324.3900146484375,-93.43000030517578,193.75999450683594
2070,33,20,-324.3900146484375,-93.43000030517578,176.74000549316406
2071,33,21,-324.3900146484375,-93.43000030517578,159.72000122070312
2072,33,22,-324.3900146484375,-93.43000030517578,142.6999969482422
2073,33,23,-324.3900146484375,-93.43000030517578,125.68000030517578
2074,33,24,-324.3900146484375,-93.43000030517578,108.66000366210938
2075,33,25,-324.3900146484375,-93.43000030517578,91.63999938964844
2076,33,26,-324.3900146484375,-93.43000030517578,74.62000274658203
2077,33,27,-324.3900146484375,-93.43000030517578,57.599998474121094
2078,33,28,-324.3900146484375,-93.43000030517578,40.56999969482422
2079,33,29,-324.3900146484375,-93.43000030517578,23.549999237060547
2080,33,30,-324.3900146484375,-93.43000030517578,6.53000020980835
2081,33,31,-324.3900146484375,-93.43000030517578,-10.489999771118164
2082,33,32,-324.3900146484375,-93.43000030517578,-27.510000228881836
2083,33,33,-324.3900146484375,-93.43000030517578,-44.529998779296875
2084,33,34,-324.3900146484375,-93.43000030517578,-61.54999923706055
2085,33,35,-324.3900146484375,-93.43000030517578,-78.56999969482422
2086,33,36,-324.3900146484375,-93.43000030517578,-95.58999633789062
2087,33,37,-324.3900146484375,-93.43000030517578,-112.61000061035156
2088,33,38,-324.3900146484375,-93.43000030517578,-129.6300048828125
2089,33,39,-324.3900146484375,-93.43000030517578,-146.64999389648438
2090,33,40,-324.3900146484375,-93.43000030517578,-163.6699981689453
2091,33,41,-324.3900146484375,-93.43000030517578,-180.6999969482422
2092,33,42,-324.3900146484375,-93.43000030517578,-197.72000122070312
2093,33,43,-324.3900146484375,-93.43000030517578,-214.74000549316406
2094,33,44,-324.3900146484375,-93.43000030517578,-231.75999450683594
2095,33,45,-324.3900146484375,-93.43000030517578,-248.77999877929688
2096,33,46,-324.3900146484375,-93.43000030517578,-265.79998779296875
2097,33,47,-324.3900146484375,-93.43000030517578,-282.82000732421875
2098,33,48,-324.3900146484375,-93.43000030517578,-299.8399963378906
2099,33,49,-324.3900146484375,-93.43000030517578,-316.8599853515625
2100,33,50,-324.3900146484375,-93.43000030517578,-333.8800048828125
2101,33,51,-324.3900146484375,-93.43000030517578,-350.8999938964844
2102,33,52,-324.3900146484375,-93.43000030517578,-367.9200134277344
2103,33,53,-324.3900146484375,-93.43000030517578,-384.94000244140625
2104,33,54,-324.3900146484375,-93.43000030517578,-401.9700012207031
2105,33,55,-324.3900146484375,-93.43000030517578,-418.989990234375
2106,33,56,-324.3900146484375,-93.43000030517578,-436.010009765625
2107,33,57,-324.3900146484375,-93.43000030517578,-453.0299987792969
2108,33,58,-324.3900146484375,-93.43000030517578,-470.04998779296875
2109,33,59,-324.3900146484375,-93.43000030517578,-487.07000732421875
2110,33,60,-324.3900146484375,-93.43000030517578,-504.0899963378906
2111,33,61,-304.29998779296875,-78.36000061035156,1945.1600341796875
2112,33,62,-304.82000732421875,-78.62000274658203,1945.1600341796875
2113,33,63,-300.2900085449219,-87.26000213623047,1945.0899658203125
2114,33,64,-300.8299865722656,-87.4800033569336,1945.0899658203125
2115,34,1,-200.5500030517578,-74.02999877929688,523.4199829101562
2116,34,2,-200.5500030517578,-74.02999877929688,506.3999938964844
2117,34,3,-200.5500030517578,-74.02999877929688,489.3800048828125
2118,34,4,-200.5500030517578,-74.02999877929688,472.3599853515625
2119,34,5,-200.5500030517578,-74.02999877929688,455.3399963378906
2120,34,6,-200.5500030517578,-74.02999877929688,438.32000732421875
2121,34,7,-200.5500030517578,-74.02999877929688,421.29998779296875
2122,34,8,-200.5500030517578,-74.02999877929688,404.2799987792969
2123,34,9,-200.5500030517578,-74.02999877929688,387.260009765625
2124,34,10,-200.5500030517578,-74.02999877929688,370.239990234375
2125,34,11,-200.5500030517578,-74.02999877929688,353.2200012207031
2126,34,12,-200.5500030517578,-74.02999877929688,336.20001220703125
2127,34,13,-200.5500030517578,-74.02999877929688,319.17999267578125
2128,34,14,-200.5500030517578,-74.02999877929688,302.1499938964844
2129,34,15,-200.5500030517578,-74.02999877929688,285.1300048828125
2130,34,16,-200.5500030517578,-74.02999877929688,268.1099853515625
2131,34,17,-200.5500030517578,-74.02999877929688,251.08999633789062
2132,34,18,-200.5500030517578,-74.02999877929688,234.07000732421875
2133,34,19,-200.5500030517578,-74.02999877929688,217.0500030517578
2134,34,20,-200.5500030517578,-74.02999877929688,200.02999877929688
2135,34,21,-200.5500030517578,-74.02999877929688,183.00999450683594
2136,34,22,-200.5500030517578,-74.02999877929688,165.99000549316406
2137,34,23,-200.5500030517578,-74.02999877929688,148.97000122070312
2138,34,24,-200.5500030517578,-74.02999877929688,131.9499969482422
2139,34,25,-200.5500030517578,-74.02999877929688,114.93000030517578
2140,34,26,-200.5500030517578,-74.02999877929688,97.91000366210938
2141,34,27,-200.5500030517578,-74.02999877929688,80.88999938964844
2142,34,28,-200.5500030517578,-74.02999877929688,63.86000061035156
2143,34,29,-200.5500030517578,-74.02999877929688,46.84000015258789
2144,34,30,-200.5500030517578,-74.02999877929688,29.81999969482422
2145,34,31,-200.5500030517578,-74.02999877929688,12.800000190734863
2146,34,32,-200.5500030517578,-74.02999877929688,-4.21999979019165
2147,34,33,-200.5500030517578,-74.02999877929688,-21.239999771118164
2148,34,34,-200.5500030517578,-74.02999877929688,-38.2599983215332
2149,34,35,-200.5500030517578,-74.02999877929688,-55.279998779296875
2150,34,36,-200.5500030517578,-74.02999877929688,-72.30000305175781
2151,34,37,-200.5500030517578,-74.02999877929688,-89.31999969482422
2152,34,38,-200.5500030517578,-74.02999877929688,-106.33999633789062
2153,34,39,-200.5500030517578,-74.02999877929688,-123.36000061035156
2154,34,40,-200.5500030517578,-74.02999877929688,-140.3800048828125
2155,34,41,-200.5500030517578,-74.02999877929688,-157.41000366210938
2156,34,42,-200.5500030517578,-74.02999877929688,-174.42999267578125
2157,34,43,-200.5500030517578,-74.02999877929688,-191.4499969482422
2158,34,44,-200.5500030517578,-74.02999877929688,-208.47000122070312
2159,34,45,-200.5500030517578,-74.02999877929688,-225.49000549316406
2160,34,46,-200.5500030517578,-74.02999877929688,-242.50999450683594
2161,34,47,-200.5500030517578,-74.02999877929688,-259.5299987792969
2162,34,48,-200.5500030517578,-74.02999877929688,-276.54998779296875
2163,34,49,-200.5500030517578,-74.02999877929688,-293.57000732421875
2164,34,50,-200.5500030517578,-74.02999877929688,-310.5899963378906
2165,34,51,-200.5500030517578,-74.02999877929688,-327.6099853515625
2166,34,52,-200.5500030517578,-74.02999877929688,-344.6300048828125
2167,34,53,-200.5500030517578,-74.02999877929688,-361.6499938964844
2168,34,54,-200.5500030517578,-74.02999877929688,-378.67999267578125
2169,34,55,-200.5500030517578,-74.02999877929688,-395.70001220703125
2170,34,56,-200.5500030517578,-74.02999877929688,-412.7200012207031
2171,34,57,-200.5500030517578,-74.02999877929688,-429.739990234375
2172,34,58,-200.5500030517578,-74.02999877929688,-446.760009765625
2173,34,59,-200.5500030517578,-74.02999877929688,-463.7799987792969
2174,34,60,-200.5500030517578,-74.02999877929688,-480.79998779296875
2175,34,61,-180.8000030517578,-58.61000061035156,1945.3699951171875
2176,34,62,-181.30999755859375,-58.88999938964844,1945.3699951171875
2177,34,63,-176.1199951171875,-68.06999969482422,1945.5
2178,34,64,-176.6199951171875,-68.36000061035156,1945.5
2179,35,1,-77.80000305175781,-54.33000183105469,502.70001220703125
2180,35,2,-77.80000305175781,-54.33000183105469,485.67999267578125
2181,35,3,-77.80000305175781,-54.33000183105469,468.6600036621094
2182,35,4,-77.80000305175781,-54.33000183105469,451.6400146484375
2183,35,5,-77.80000305175781,-54.33000183105469,434.6199951171875
2184,35,6,-77.80000305175781,-54.33000183105469,417.6000061035156
2185,35,7,-77.80000305175781,-54.33000183105469,400.5799865722656
2186,35,8,-77.80000305175781,-54.33000183105469,383.55999755859375
2187,35,9,-77.80000305175781,-54.33000183105469,366.5400085449219
2188,35,10,-77.80000305175781,-54.33000183105469,349.5199890136719
2189,35,11,-77.80000305175781,-54.33000183105469,332.5
2190,35,12,-77.80000305175781,-54.33000183105469,315.4800109863281
2191,35,13,-77.80000305175781,-54.33000183105469,298.4599914550781
2192,35,14,-77.80000305175781,-54.33000183105469,281.42999267578125
2193,35,15,-77.80000305175781,-54.33000183105469,264.4100036621094
2194,35,16,-77.80000305175781,-54.33000183105469,247.38999938964844
2195,35,17,-77.80000305175781,-54.33000183105469,230.3699951171875
2196,35,18,-77.80000305175781,-54.33000183105469,213.35000610351562
2197,35,19,-77.80000305175781,-54.33000183105469,196.3300018310547
2198,35,20,-77.80000305175781,-54.33000183105469,179.30999755859375
2199,35,21,-77.80000305175781,-54.33000183105469,162.2899932861328
2200,35,22,-77.80000305175781,-54.33000183105469,145.27000427246094
2201,35,23,-77.80000305175781,-54.33000183105469,128.25
2202,35,24,-77.80000305175781,-54.33000183105469,111.2300033569336
2203,35,25,-77.80000305175781,-54.33000183105469,94.20999908447266
2204,35,26,-77.80000305175781,-54.33000183105469,77.19000244140625
2205,35,27,-77.80000305175781,-54.33000183105469,60.16999816894531
2206,35,28,-77.80000305175781,-54.33000183105469,43.13999938964844
2207,35,29,-77.80000305175781,-54.33000183105469,26.1200008392334
2208,35,30,-77.80000305175781,-54.33000183105469,9.100000381469727
2209,35,31,-77.80000305175781,-54.33000183105469,-7.920000076293945
2210,35,32,-77.80000305175781,-54.33000183105469,-24.940000534057617
2211,35,33,-77.80000305175781,-54.33000183105469,-41.959999084472656
2212,35,34,-77.80000305175781,-54.33000183105469,-58.97999954223633
2213,35,35,-77.80000305175781,-54.33000183105469,-76.0
2214,35,36,-77.80000305175781,-54.33000183105469,-93.0199966430664
2215,35,37,-77.80000305175781,-54.33000183105469,-110.04000091552734
2216,35,38,-77.80000305175781,-54.33000183105469,-127.05999755859375
2217,35,39,-77.80000305175781,-54.33000183105469,-144.0800018310547
2218,35,40,-77.80000305175781,-54.33000183105469,-161.10000610351562
2219,35,41,-77.80000305175781,-54.33000183105469,-178.1300048828125
2220,35,42,-77.80000305175781,-54.33000183105469,-195.14999389648438
2221,35,43,-77.80000305175781,-54.33000183105469,-212.1699981689453
2222,35,44,-77.80000305175781,-54.33000183105469,-229.19000244140625
2223,35,45,-77.80000305175781,-54.33000183105469,-246.2100067138672
2224,35,46,-77.80000305175781,-54.33000183105469,-263.2300109863281
2225,35,47,-77.80000305175781,-54.33000183105469,-280.25
2226,35,48,-77.80000305175781,-54.33000183105469,-297.2699890136719
2227,35,49,-77.80000305175781,-54.33000183105469,-314.2900085449219
2228,35,50,-77.80000305175781,-54.33000183105469,-331.30999755859375
2229,35,51,-77.80000305175781,-54.33000183105469,-348.3299865722656
2230,35,52,-77.80000305175781,-54.33000183105469,-365.3500061035156
2231,35,53,-77.80000305175781,-54.33000183105469,-382.3699951171875
2232,35,54,-77.80000305175781,-54.33000183105469,-399.3999938964844
2233,35,55,-77.80000305175781,-54.33000183105469,-416.4200134277344
2234,35,56,-77.80000305175781,-54.33000183105469,-433.44000244140625
2235,35,57,-77.80000305175781,-54.33000183105469,-450.4599914550781
2236,35,58,-77.80000305175781,-54.33000183105469,-467.4800109863281
2237,35,59,-77.80000305175781,-54.33000183105469,-484.5
2238,35,60,-77.80000305175781,-54.33000183105469,-501.5199890136719
2239,35,61,-86.44000244140625,-30.700000762939453,1945.9599609375
2240,35,62,-86.36000061035156,-31.270000457763672,1945.9599609375
2241,35,63,-76.54000091552734,-29.190000534057617,1946.2099609375
2242,35,64,-76.44000244140625,-29.760000228881836,1946.2099609375
2243,36,1,46.290000915527344,-34.880001068115234,500.9700012207031
2244,36,2,46.290000915527344,-34.880001068115234,483.95001220703125
2245,36,3,46.290000915527344,-34.880001068115234,466.92999267578125
2246,36,4,46.290000915527344,-34.880001068115234,449.9100036621094
2247,36,5,46.290000915527344,-34.880001068115234,432.8900146484375
2248,36,6,46.290000915527344,-34.880001068115234,415.8699951171875
2249,36,7,46.290000915527344,-34.880001068115234,398.8500061035156
2250,36,8,46.290000915527344,-34.880001068115234,381.8299865722656
2251,36,9,46.290000915527344,-34.880001068115234,364.80999755859375
2252,36,10,46.290000915527344,-34.880001068115234,347.7900085449219
2253,36,11,46.290000915527344,-34.880001068115234,330.7699890136719
2254,36,12,46.290000915527344,-34.880001068115234,313.75
2255,36,13,46.290000915527344,-34.880001068115234,296.7300109863281
2256,36,14,46.290000915527344,-34.880001068115234,279.70001220703125
2257,36,15,46.290000915527344,-34.880001068115234,262.67999267578125
2258,36,16,46.290000915527344,-34.880001068115234,245.66000366210938
2259,36,17,46.290000915527344,-34.880001068115234,228.63999938964844
2260,36,18,46.290000915527344,-34.880001068115234,211.6199951171875
2261,36,19,46.290000915527344,-34.880001068115234,194.60000610351562
2262,36,20,46.290000915527344,-34.880001068115234,177.5800018310547
2263,36,21,46.290000915527344,-34.880001068115234,160.55999755859375
2264,36,22,46.290000915527344,-34.880001068115234,143.5399932861328
2265,36,23,46.290000915527344,-34.880001068115234,126.5199966430664
2266,36,24,46.290000915527344,-34.880001068115234,109.5
2267,36,25,46.290000915527344,-34.880001068115234,92.4800033569336
2268,36,26,46.290000915527344,-34.880001068115234,75.45999908447266
2269,36,27,46.290000915527344,-34.880001068115234,58.439998626708984
2270,36,28,46.290000915527344,-34.880001068115234,41.40999984741211
2271,36,29,46.290000915527344,-34.880001068115234,24.389999389648438
2272,36,30,46.290000915527344,-34.880001068115234,7.369999885559082
2273,36,31,46.290000915527344,-34.880001068115234,-9.649999618530273
2274,36,32,46.290000915527344,-34.880001068115234,-26.670000076293945
2275,36,33,46.290000915527344,-34.880001068115234,-43.689998626708984
2276,36,34,46.290000915527344,-34.880001068115234,-60.709999084472656
2277,36,35,46.290000915527344,-34.880001068115234,-77.7300033569336
2278,36,36,46.290000915527344,-34.880001068115234,-94.75
2279,36,37,46.290000915527344,-34.880001068115234,-111.7699966430664
2280,36,38,46.290000915527344,-34.880001068115234,-128.7899932861328
2281,36,39,46.290000915527344,-34.880001068115234,-145.80999755859375
2282,36,40,46.290000915527344,-34.880001068115234,-162.8300018310547
2283,36,41,46.290000915527344,-34.880001068115234,-179.86000061035156
2284,36,42,46.290000915527344,-34.880001068115234,-196.8800048828125
2285,36,43,46.290000915527344,-34.880001068115234,-213.89999389648438
2286,36,44,46.290000915527344,-34.880001068115234,-230.9199981689453
2287,36,45,46.290000915527344,-34.880001068115234,-247.94000244140625
2288,36,46,46.290000915527344,-34.880001068115234,-264.9599914550781
2289,36,47,46.290000915527344,-34.880001068115234,-281.9800109863281
2290,36,48,46.290000915527344,-34.880001068115234,-299.0
2291,36,49,46.290000915527344,-34.880001068115234,-316.0199890136719
2292,36,50,46.290000915527344,-34.880001068115234,-333.0400085449219
2293,36,51,46.290000915527344,-34.880001068115234,-350.05999755859375
2294,36,52,46.290000915527344,-34.880001068115234,-367.0799865722656
2295,36,53,46.290000915527344,-34.880001068115234,-384.1000061035156
2296,36,54,46.290000915527344,-34.880001068115234,-401.1300048828125
2297,36,55,46.290000915527344,-34.880001068115234,-418.1499938964844
2298,36,56,46.290000915527344,-34.880001068115234,-435.1700134277344
2299,36,57,46.290000915527344,-34.880001068115234,-452.19000244140625
2300,36,58,46.290000915527344,-34.880001068115234,-469.2099914550781
2301,36,59,46.290000915527344,-34.880001068115234,-486.2300109863281
2302,36,60,46.290000915527344,-34.880001068115234,-503.25
2303,36,61,37.290000915527344,-57.61000061035156,1946.6400146484375
2304,36,62,37.58000183105469,-57.11000061035156,1946.6400146484375
2305,36,63,29.030000686645508,-53.04999923706055,1946.739990234375
2306,36,64,29.329999923706055,-52.560001373291016,1946.739990234375
2307,37,1,194.33999633789062,-30.920000076293945,504.0899963378906
2308,37,2,194.33999633789062,-30.920000076293945,487.07000732421875
2309,37,3,194.33999633789062,-30.920000076293945,470.04998779296875
2310,37,4,194.33999633789062,-30.920000076293945,453.0299987792969
2311,37,5,194.33999633789062,-30.920000076293945,436.010009765625
2312,37,6,194.33999633789062,-30.920000076293945,418.989990234375
2313,37,7,194.33999633789062,-30.920000076293945,401.9700012207031
2314,37,8,194.33999633789062,-30.920000076293945,384.95001220703125
2315,37,9,194.33999633789062,-30.920000076293945,367.92999267578125
2316,37,10,194.33999633789062,-30.920000076293945,350.9100036621094
2317,37,11,194.33999633789062,-30.920000076293945,333.8900146484375
2318,37,12,194.33999633789062,-30.920000076293945,316.8699951171875
2319,37,13,194.33999633789062,-30.920000076293945,299.8500061035156
2320,37,14,194.33999633789062,-30.920000076293945,282.82000732421875
2321,37,15,194.33999633789062,-30.920000076293945,265.79998779296875
2322,37,16,194.33999633789062,-30.920000076293945,248.77999877929688
2323,37,17,194.33999633789062,-30.920000076293945,231.75999450683594
2324,37,18,194.33999633789062,-30.920000076293945,214.74000549316406
2325,37,19,194.33999633789062,-30.920000076293945,197.72000122070312
2326,37,20,194.33999633789062,-30.920000076293945,180.6999969482422
2327,37,21,194.33999633789062,-30.920000076293945,163.67999267578125
2328,37,22,194.33999633789062,-30.920000076293945,146.66000366210938
2329,37,23,194.33999633789062,-30.920000076293945,129.63999938964844
2330,37,24,194.33999633789062,-30.920000076293945,112.62000274658203
2331,37,25,194.33999633789062,-30.920000076293945,95.5999984741211
2332,37,26,194.33999633789062,-30.920000076293945,78.58000183105469
2333,37,27,194.33999633789062,-30.920000076293945,61.560001373291016
2334,37,28,194.33999633789062,-30.920000076293945,44.529998779296875
2335,37,29,194.33999633789062,-30.920000076293945,27.510000228881836
2336,37,30,194.33999633789062,-30.920000076293945,10.489999771118164
2337,37,31,194.33999633789062,-30.920000076293945,-6.53000020980835
2338,37,32,194.33999633789062,-30.920000076293945,-23.549999237060547
2339,37,33,194.33999633789062,-30.920000076293945,-40.56999969482422
2340,37,34,194.33999633789062,-30.920000076293945,-57.59000015258789
2341,37,35,194.33999633789062,-30.920000076293945,-74.61000061035156
2342,37,36,194.33999633789062,-30.920000076293945,-91.62999725341797
2343,37,37,194.33999633789062,-30.920000076293945,-108.6500015258789
2344,37,38,194.33999633789062,-30.920000076293945,-125.66999816894531
2345,37,39,194.33999633789062,-30.920000076293945,-142.69000244140625
2346,37,40,194.33999633789062,-30.920000076293945,-159.7100067138672
2347,37,41,194.33999633789062,-30.920000076293945,-176.74000549316406
2348,37,42,194.33999633789062,-30.920000076293945,-193.75999450683594
2349,37,43,194.33999633789062,-30.920000076293945,-210.77999877929688
2350,37,44,194.33999633789062,-30.920000076293945,-227.8000030517578
2351,37,45,194.33999633789062,-30.920000076293945,-244.82000732421875
2352,37,46,194.33999633789062,-30.920000076293945,-261.8399963378906
2353,37,47,194.33999633789062,-30.920000076293945,-278.8599853515625
2354,37,48,194.33999633789062,-30.920000076293945,-295.8800048828125
2355,37,49,194.33999633789062,-30.920000076293945,-312.8999938964844
2356,37,50,194.33999633789062,-30.920000076293945,-329.9200134277344
2357,37,51,194.33999633789062,-30.920000076293945,-346.94000244140625
2358,37,52,194.33999633789062,-30.920000076293945,-363.9599914550781
2359,37,53,194.33999633789062,-30.920000076293945,-380.9800109863281
2360,37,54,194.33999633789062,-30.920000076293945,-398.010009765625
2361,37,55,194.33999633789062,-30.920000076293945,-415.0299987792969
2362,37,56,194.33999633789062,-30.920000076293945,-432.04998779296875
2363,37,57,194.33999633789062,-30.920000076293945,-449.07000732421875
2364,37,58,194.33999633789062,-30.920000076293945,-466.0899963378906
2365,37,59,194.33999633789062,-30.920000076293945,-483.1099853515625
2366,37,60,194.33999633789062,-30.920000076293945,-500.1300048828125
2367,37,61,150.52000427246094,-31.209999084472656,1946.5899658203125
2368,37,62,151.02000427246094,-30.920000076293945,1946.5899658203125
2369,37,63,145.08999633789062,-22.790000915527344,1946.300048828125
2370,37,64,145.60000610351562,-22.520000457763672,1946.300048828125
2371,38,1,292.8999938964844,5.199999809265137,491.3999938964844
2372,38,2,292.8999938964844,5.199999809265137,474.3800048828125
2373,38,3,292.8999938964844,5.199999809265137,457.3599853515625
2374,38,4,292.8999938964844,5.199999809265137,440.3399963378906
2375,38,5,292.8999938964844,5.199999809265137,423.32000732421875
2376,38,6,292.8999938964844,5.199999809265137,406.29998779296875
2377,38,7,292.8999938964844,5.199999809265137,389.2799987792969
2378,38,8,292.8999938964844,5.199999809265137,372.260009765625
2379,38,9,292.8999938964844,5.199999809265137,355.239990234375
2380,38,10,292.8999938964844,5.199999809265137,338.2200012207031
2381,38,11,292.8999938964844,5.199999809265137,321.20001220703125
2382,38,12,292.8999938964844,5.199999809265137,304.17999267578125
2383,38,13,292.8999938964844,5.199999809265137,287.1600036621094
2384,38,14,292.8999938964844,5.199999809265137,270.1300048828125
2385,38,15,292.8999938964844,5.199999809265137,253.11000061035156
2386,38,16,292.8999938964844,5.199999809265137,236.08999633789062
2387,38,17,292.8999938964844,5.199999809265137,219.07000732421875
2388,38,18,292.8999938964844,5.199999809265137,202.0500030517578
2389,38,19,292.8999938964844,5.199999809265137,185.02999877929688
2390,38,20,292.8999938964844,5.199999809265137,168.00999450683594
2391,38,21,292.8999938964844,5.199999809265137,150.99000549316406
2392,38,22,292.8999938964844,5.199999809265137,133.97000122070312
2393,38,23,292.8999938964844,5.199999809265137,116.94999694824219
2394,38,24,292.8999938964844,5.199999809265137,99.93000030517578
2395,38,25,292.8999938964844,5.199999809265137,82.91000366210938
2396,38,26,292.8999938964844,5.199999809265137,65.88999938964844
2397,38,27,292.8999938964844,5.199999809265137,48.869998931884766
2398,38,28,292.8999938964844,5.199999809265137,31.84000015258789
2399,38,29,292.8999938964844,5.199999809265137,14.819999694824219
2400,38,30,292.8999938964844,5.199999809265137,-2.200000047683716
2401,38,31,292.8999938964844,5.199999809265137,-19.219999313354492
2402,38,32,292.8999938964844,5.199999809265137,-36.2400016784668
2403,38,33,292.8999938964844,5.199999809265137,-53.2599983215332
2404,38,34,292.8999938964844,5.199999809265137,-70.27999877929688
2405,38,35,292.8999938964844,5.199999809265137,-87.30000305175781
2406,38,36,292.8999938964844,5.199999809265137,-104.31999969482422
2407,38,37,292.8999938964844,5.199999809265137,-121.33999633789062
2408,38,38,292.8999938964844,5.199999809265137,-138.36000061035156
2409,38,39,292.8999938964844,5.199999809265137,-155.3800048828125
2410,38,40,292.8999938964844,5.199999809265137,-172.39999389648438
2411,38,41,292.8999938964844,5.199999809265137,-189.42999267578125
2412,38,42,292.8999938964844,5.199999809265137,-206.4499969482422
2413,38,43,292.8999938964844,5.199999809265137,-223.47000122070312
2414,38,44,292.8999938964844,5.199999809265137,-240.49000549316406
2415,38,45,292.8999938964844,5.199999809265137,-257.510009765625
2416,38,46,292.8999938964844,5.199999809265137,-274.5299987792969
2417,38,47,292.8999938964844,5.199999809265137,-291.54998779296875
2418,38,48,292.8999938964844,5.199999809265137,-308.57000732421875
2419,38,49,292.8999938964844,5.199999809265137,-325.5899963378906
2420,38,50,292.8999938964844,5.199999809265137,-342.6099853515625
2421,38,51,292.8999938964844,5.199999809265137,-359.6300048828125
2422,38,52,292.8999938964844,5.199999809265137,-376.6499938964844
2423,38,53,292.8999938964844,5.199999809265137,-393.6700134277344
2424,38,54,292.8999938964844,5.199999809265137,-410.70001220703125
2425,38,55,292.8999938964844,5.199999809265137,-427.7200012207031
2426,38,56,292.8999938964844,5.199999809265137,-444.739990234375
2427,38,57,292.8999938964844,5.199999809265137,-461.760009765625
2428,38,58,292.8999938964844,5.199999809265137,-478.7799987792969
2429,38,59,292.8999938964844,5.199999809265137,-495.79998779296875
2430,38,60,292.8999938964844,5.199999809265137,-512.8200073242188
2431,38,61,316.2799987792969,-3.950000047683716,1948.22998046875
2432,38,62,315.7900085449219,-3.6600000858306885,1948.22998046875
2433,38,63,311.30999755859375,-12.579999923706055,1947.93994140625
2434,38,64,310.8399963378906,-12.25,1947.93994140625
2435,39,1,411.80999755859375,13.0,501.7300109863281
2436,39,2,411.80999755859375,13.0,484.7099914550781
2437,39,3,411.80999755859375,13.0,467.69000244140625
2438,39,4,411.80999755859375,13.0,450.6700134277344
2439,39,5,411.80999755859375,13.0,433.6499938964844
2440,39,6,411.80999755859375,13.0,416.6300048828125
2441,39,7,411.80999755859375,13.0,399.6099853515625
2442,39,8,411.80999755859375,13.0,382.5899963378906
2443,39,9,411.80999755859375,13.0,365.57000732421875
2444,39,10,411.80999755859375,13.0,348.54998779296875
2445,39,11,411.80999755859375,13.0,331.5299987792969
2446,39,12,411.80999755859375,13.0,314.510009765625
2447,39,13,411.80999755859375,13.0,297.489990234375
2448,39,14,411.80999755859375,13.0,280.4599914550781
2449,39,15,411.80999755859375,13.0,263.44000244140625
2450,39,16,411.80999755859375,13.0,246.4199981689453
2451,39,17,411.80999755859375,13.0,229.39999389648438
2452,39,18,411.80999755859375,13.0,212.3800048828125
2453,39,19,411.80999755859375,13.0,195.36000061035156
2454,39,20,411.80999755859375,13.0,178.33999633789062
2455,39,21,411.80999755859375,13.0,161.32000732421875
2456,39,22,411.80999755859375,13.0,144.3000030517578
2457,39,23,411.80999755859375,13.0,127.27999877929688
2458,39,24,411.80999755859375,13.0,110.26000213623047
2459,39,25,411.80999755859375,13.0,93.23999786376953
2460,39,26,411.80999755859375,13.0,76.22000122070312
2461,39,27,411.80999755859375,13.0,59.20000076293945
2462,39,28,411.80999755859375,13.0,42.16999816894531
2463,39,29,411.80999755859375,13.0,25.149999618530273
2464,39,30,411.80999755859375,13.0,8.130000114440918
2465,39,31,411.80999755859375,13.0,-8.890000343322754
2466,39,32,411.80999755859375,13.0,-25.90999984741211
2467,39,33,411.80999755859375,13.0,-42.93000030517578
2468,39,34,411.80999755859375,13.0,-59.95000076293945
2469,39,35,411.80999755859375,13.0,-76.97000122070312
2470,39,36,411.80999755859375,13.0,-93.98999786376953
2471,39,37,411.80999755859375,13.0,-111.01000213623047
2472,39,38,411.80999755859375,13.0,-128.02999877929688
2473,39,39,411.80999755859375,13.0,-145.0500030517578
2474,39,40,411.80999755859375,13.0,-162.07000732421875
2475,39,41,411.80999755859375,13.0,-179.10000610351562
2476,39,42,411.80999755859375,13.0,-196.1199951171875
2477,39,43,411.80999755859375,13.0,-213.13999938964844
2478,39,44,411.80999755859375,13.0,-230.16000366210938
2479,39,45,411.80999755859375,13.0,-247.17999267578125
2480,39,46,411.80999755859375,13.0,-264.20001220703125
2481,39,47,411.80999755859375,13.0,-281.2200012207031
2482,39,48,411.80999755859375,13.0,-298.239990234375
2483,39,49,411.80999755859375,13.0,-315.260009765625
2484,39,50,411.80999755859375,13.0,-332.2799987792969
2485,39,51,411.80999755859375,13.0,-349.29998779296875
2486,39,52,411.80999755859375,13.0,-366.32000732421875
2487,39,53,411.80999755859375,13.0,-383.3399963378906
2488,39,54,411.80999755859375,13.0,-400.3699951171875
2489,39,55,411.80999755859375,13.0,-417.3900146484375
2490,39,56,411.80999755859375,13.0,-434.4100036621094
2491,39,57,411.80999755859375,13.0,-451.42999267578125
2492,39,58,411.80999755859375,13.0,-468.45001220703125
2493,39,59,411.80999755859375,13.0,-485.4700012207031
2494,39,60,411.80999755859375,13.0,-502.489990234375
2495,39,61,435.2099914550781,3.7899999618530273,1949.280029296875
2496,39,62,434.7300109863281,4.090000152587891,1949.280029296875
2497,39,63,429.82000732421875,-4.71999979019165,1949.280029296875
2498,39,64,429.30999755859375,-4.449999809265137,1949.280029296875
2499,40,1,544.0700073242188,55.88999938964844,502.7900085449219
2500,40,2,544.0700073242188,55.88999938964844,485.760009765625
2501,40,3,544.0700073242188,55.88999938964844,468.739990234375
2502,40,4,544.0700073242188,55.88999938964844,451.7200012207031
2503,40,5,544.0700073242188,55.88999938964844,434.70001220703125
2504,40,6,544.0700073242188,55.88999938964844,417.67999267578125
2505,40,7,544.0700073242188,55.88999938964844,400.6600036621094
2506,40,8,544.0700073242188,55.88999938964844,383.6400146484375
2507,40,9,544.0700073242188,55.88999938964844,366.6199951171875
2508,40,10,544.0700073242188,55.88999938964844,349.6000061035156
2509,40,11,544.0700073242188,55.88999938964844,332.5799865722656
2510,40,12,544.0700073242188,55.88999938964844,315.55999755859375
2511,40,13,544.0700073242188,55.88999938964844,298.5400085449219
2512,40,14,544.0700073242188,55.88999938964844,281.5199890136719
2513,40,15,544.0700073242188,55.88999938964844,264.5
2514,40,16,544.0700073242188,55.88999938964844,247.47000122070312
2515,40,17,544.0700073242188,55.88999938964844,230.4499969482422
2516,40,18,544.0700073242188,55.88999938964844,213.42999267578125
2517,40,19,544.0700073242188,55.88999938964844,196.41000366210938
2518,40,20,544.0700073242188,55.88999938964844,179.38999938964844
2519,40,21,544.0700073242188,55.88999938964844,162.3699951171875
2520,40,22,544.0700073242188,55.88999938964844,145.35000610351562
2521,40,23,544.0700073242188,55.88999938964844,128.3300018310547
2522,40,24,544.0700073242188,55.88999938964844,111.30999755859375
2523,40,25,544.0700073242188,55.88999938964844,94.29000091552734
2524,40,26,544.0700073242188,55.88999938964844,77.2699966430664
2525,40,27,544.0700073242188,55.88999938964844,60.25
2526,40,28,544.0700073242188,55.88999938964844,43.22999954223633
2527,40,29,544.0700073242188,55.88999938964844,26.200000762939453
2528,40,30,544.0700073242188,55.88999938964844,9.180000305175781
2529,40,31,544.0700073242188,55.88999938964844,-7.840000152587891
2530,40,32,544.0700073242188,55.88999938964844,-24.860000610351562
2531,40,33,544.0700073242188,55.88999938964844,-41.880001068115234
2532,40,34,544.0700073242188,55.88999938964844,-58.900001525878906
2533,40,35,544.0700073242188,55.88999938964844,-75.91999816894531
2534,40,36,544.0700073242188,55.88999938964844,-92.94000244140625
2535,40,37,544.0700073242188,55.88999938964844,-109.95999908447266
2536,40,38,544.0700073242188,55.88999938964844,-126.9800033569336
2537,40,39,544.0700073242188,55.88999938964844,-144.0
2538,40,40,544.0700073242188,55.88999938964844,-161.02000427246094
2539,40,41,544.0700073242188,55.88999938964844,-178.0399932861328
2540,40,42,544.0700073242188,55.88999938964844,-195.07000732421875
2541,40,43,544.0700073242188,55.88999938964844,-212.08999633789062
2542,40,44,544.0700073242188,55.88999938964844,-229.11000061035156
2543,40,45,544.0700073242188,55.88999938964844,-246.1300048828125
2544,40,46,544.0700073242188,55.88999938964844,-263.1499938964844
2545,40,47,544.0700073242188,55.88999938964844,-280.1700134277344
2546,40,48,544.0700073242188,55.88999938964844,-297.19000244140625
2547,40,49,544.0700073242188,55.88999938964844,-314.2099914550781
2548,40,50,544.0700073242188,55.88999938964844,-331.2300109863281
2549,40,51,544.0700073242188,55.88999938964844,-348.25
2550,40,52,544.0700073242188,55.88999938964844,-365.2699890136719
2551,40,53,544.0700073242188,55.88999938964844,-382.2900085449219
2552,40,54,544.0700073242188,55.88999938964844,-399.30999755859375
2553,40,55,544.0700073242188,55.88999938964844,-416.3399963378906
2554,40,56,544.0700073242188,55.88999938964844,-433.3599853515625
2555,40,57,544.0700073242188,55.88999938964844,-450.3800048828125
2556,40,58,544.0700073242188,55.88999938964844,-467.3999938964844
2557,40,59,544.0700073242188,55.88999938964844,-484.4200134277344
2558,40,60,544.0700073242188,55.88999938964844,-502.1400146484375
2559,40,61,530.4600219726562,20.719999313354492,1949.199951171875
2560,40,62,530.75,21.219999313354492,1949.199951171875
2561,40,63,521.8800048828125,25.34000015258789,1949.1800537109375
2562,40,64,522.1699829101562,25.84000015258789,1949.1800537109375
2563,41,1,-526.6300048828125,-15.600000381469727,502.6700134277344
2564,41,2,-526.6300048828125,-15.600000381469727,485.6400146484375
2565,41,3,-526.6300048828125,-15.600000381469727,468.6199951171875
2566,41,4,-526.6300048828125,-15.600000381469727,451.6000061035156
2567,41,5,-526.6300048828125,-15.600000381469727,434.5799865722656
2568,41,6,-526.6300048828125,-15.600000381469727,417.55999755859375
2569,41,7,-526.6300048828125,-15.600000381469727,400.5400085449219
2570,41,8,-526.6300048828125,-15.600000381469727,383.5199890136719
2571,41,9,-526.6300048828125,-15.600000381469727,366.5
2572,41,10,-526.6300048828125,-15.600000381469727,349.4800109863281
2573,41,11,-526.6300048828125,-15.600000381469727,332.4599914550781
2574,41,12,-526.6300048828125,-15.600000381469727,315.44000244140625
2575,41,13,-526.6300048828125,-15.600000381469727,298.4200134277344
2576,41,14,-526.6300048828125,-15.600000381469727,281.3999938964844
2577,41,15,-526.6300048828125,-15.600000381469727,264.3699951171875
2578,41,16,-526.6300048828125,-15.600000381469727,247.35000610351562
2579,41,17,-526.6300048828125,-15.600000381469727,230.3300018310547
2580,41,18,-526.6300048828125,-15.600000381469727,213.30999755859375
2581,41,19,-526.6300048828125,-15.600000381469727,196.2899932861328
2582,41,20,-526.6300048828125,-15.600000381469727,179.27000427246094
2583,41,21,-526.6300048828125,-15.600000381469727,162.25
2584,41,22,-526.6300048828125,-15.600000381469727,145.22999572753906
2585,41,23,-526.6300048828125,-15.600000381469727,128.2100067138672
2586,41,24,-526.6300048828125,-15.600000381469727,111.19000244140625
2587,41,25,-526.6300048828125,-15.600000381469727,94.16999816894531
2588,41,26,-526.6300048828125,-15.600000381469727,77.1500015258789
2589,41,27,-526.6300048828125,-15.600000381469727,60.130001068115234
2590,41,28,-526.6300048828125,-15.600000381469727,43.099998474121094
2591,41,29,-526.6300048828125,-15.600000381469727,26.079999923706055
2592,41,30,-526.6300048828125,-15.600000381469727,9.0600004196167
2593,41,31,-526.6300048828125,-15.600000381469727,-7.960000038146973
2594,41,32,-526.6300048828125,-15.600000381469727,-24.979999542236328
2595,41,33,-526.6300048828125,-15.600000381469727,-42.0
2596,41,34,-526.6300048828125,-15.600000381469727,-59.02000045776367
2597,41,35,-526.6300048828125,-15.600000381469727,-76.04000091552734
2598,41,36,-526.6300048828125,-15.600000381469727,-93.05999755859375
2599,41,37,-526.6300048828125,-15.600000381469727,-110.08000183105469
2600,41,38,-526.6300048828125,-15.600000381469727,-127.0999984741211
2601,41,39,-526.6300048828125,-15.600000381469727,-144.1199951171875
2602,41,40,-526.6300048828125,-15.600000381469727,-161.13999938964844
2603,41,41,-526.6300048828125,-15.600000381469727,-178.1699981689453
2604,41,42,-526.6300048828125,-15.600000381469727,-195.19000244140625
2605,41,43,-526.6300048828125,-15.600000381469727,-212.2100067138672
2606,41,44,-526.6300048828125,-15.600000381469727,-229.22999572753906
2607,41,45,-526.6300048828125,-15.600000381469727,-246.25
2608,41,46,-526.6300048828125,-15.600000381469727,-263.2699890136719
2609,41,47,-526.6300048828125,-15.600000381469727,-280.2900085449219
2610,41,48,-526.6300048828125,-15.600000381469727,-297.30999755859375
2611,41,49,-526.6300048828125,-15.600000381469727,-314.3299865722656
2612,41,50,-526.6300048828125,-15.600000381469727,-331.3500061035156
2613,41,51,-526.6300048828125,-15.600000381469727,-348.3699951171875
2614,41,52,-526.6300048828125,-15.600000381469727,-365.3900146484375
2615,41,53,-526.6300048828125,-15.600000381469727,-382.4100036621094
2616,41,54,-526.6300048828125,-15.600000381469727,-399.42999267578125
2617,41,55,-526.6300048828125,-15.600000381469727,-416.4599914550781
2618,41,56,-526.6300048828125,-15.600000381469727,-433.4800109863281
2619,41,57,-526.6300048828125,-15.600000381469727,-450.5
2620,41,58,-526.6300048828125,-15.600000381469727,-467.5199890136719
2621,41,59,-526.6300048828125,-15.600000381469727,-484.5400085449219
2622,41,60,-526.6300048828125,-15.600000381469727,-502.010009765625
2623,41,61,-506.5299987792969,-0.7200000286102295,1944.780029296875
2624,41,62,-507.04998779296875,-0.9700000286102295,1944.780029296875
2625,41,63,-501.9700012207031,-9.619999885559082,1944.949951171875
2626,41,64,-502.4800109863281,-9.890000343322754,1944.949951171875
2627,42,1,-403.1400146484375,3.490000009536743,501.79998779296875
2628,42,2,-403.1400146484375,3.490000009536743,484.7799987792969
2629,42,3,-403.1400146484375,3.490000009536743,467.760009765625
2630,42,4,-403.1400146484375,3.490000009536743,450.739990234375
2631,42,5,-403.1400146484375,3.490000009536743,433.7200012207031
2632,42,6,-403.1400146484375,3.490000009536743,416.70001220703125
2633,42,7,-403.1400146484375,3.490000009536743,399.67999267578125
2634,42,8,-403.1400146484375,3.490000009536743,382.6600036621094
2635,42,9,-403.1400146484375,3.490000009536743,365.6400146484375
2636,42,10,-403.1400146484375,3.490000009536743,348.6199951171875
2637,42,11,-403.1400146484375,3.490000009536743,331.6000061035156
2638,42,12,-403.1400146484375,3.490000009536743,314.5799865722656
2639,42,13,-403.1400146484375,3.490000009536743,297.55999755859375
2640,42,14,-403.1400146484375,3.490000009536743,280.5299987792969
2641,42,15,-403.1400146484375,3.490000009536743,263.510009765625
2642,42,16,-403.1400146484375,3.490000009536743,246.49000549316406
2643,42,17,-403.1400146484375,3.490000009536743,229.47000122070312
2644,42,18,-403.1400146484375,3.490000009536743,212.4499969482422
2645,42,19,-403.1400146484375,3.490000009536743,195.42999267578125
2646,42,20,-403.1400146484375,3.490000009536743,178.41000366210938
2647,42,21,-403.1400146484375,3.490000009536743,161.38999938964844
2648,42,22,-403.1400146484375,3.490000009536743,144.3699951171875
2649,42,23,-403.1400146484375,3.490000009536743,127.3499984741211
2650,42,24,-403.1400146484375,3.490000009536743,110.33000183105469
2651,42,25,-403.1400146484375,3.490000009536743,93.30999755859375
2652,42,26,-403.1400146484375,3.490000009536743,76.29000091552734
2653,42,27,-403.1400146484375,3.490000009536743,59.27000045776367
2654,42,28,-403.1400146484375,3.490000009536743,42.2400016784668
2655,42,29,-403.1400146484375,3.490000009536743,25.219999313354492
2656,42,30,-403.1400146484375,3.490000009536743,8.199999809265137
2657,42,31,-403.1400146484375,3.490000009536743,-8.819999694824219
2658,42,32,-403.1400146484375,3.490000009536743,-25.84000015258789
2659,42,33,-403.1400146484375,3.490000009536743,-42.86000061035156
2660,42,34,-403.1400146484375,3.490000009536743,-59.880001068115234
2661,42,35,-403.1400146484375,3.490000009536743,-76.9000015258789
2662,42,36,-403.1400146484375,3.490000009536743,-93.91999816894531
2663,42,37,-403.1400146484375,3.490000009536743,-110.94000244140625
2664,42,38,-403.1400146484375,3.490000009536743,-127.95999908447266
2665,42,39,-403.1400146484375,3.490000009536743,-144.97999572753906
2666,42,40,-403.1400146484375,3.490000009536743,-162.0
2667,42,41,-403.1400146484375,3.490000009536743,-179.02999877929688
2668,42,42,-403.1400146484375,3.490000009536743,-196.0500030517578
2669,42,43,-403.1400146484375,3.490000009536743,-213.07000732421875
2670,42,44,-403.1400146484375,3.490000009536743,-230.08999633789062
2671,42,45,-403.1400146484375,3.490000009536743,-247.11000061035156
2672,42,46,-403.1400146484375,3.490000009536743,-264.1300048828125
2673,42,47,-403.1400146484375,3.490000009536743,-281.1499938964844
2674,42,48,-403.1400146484375,3.490000009536743,-298.1700134277344
2675,42,49,-403.1400146484375,3.490000009536743,-315.19000244140625
2676,42,50,-403.1400146484375,3.490000009536743,-332.2099914550781
2677,42,51,-403.1400146484375,3.490000009536743,-349.2300109863281
2678,42,52,-403.1400146484375,3.490000009536743,-366.25
2679,42,53,-403.1400146484375,3.490000009536743,-383.2699890136719
2680,42,54,-403.1400146484375,3.490000009536743,-400.29998779296875
2681,42,55,-403.1400146484375,3.490000009536743,-417.32000732421875
2682,42,56,-403.1400146484375,3.490000009536743,-434.3399963378906
2683,42,57,-403.1400146484375,3.490000009536743,-451.3599853515625
2684,42,58,-403.1400146484375,3.490000009536743,-468.3800048828125
2685,42,59,-403.1400146484375,3.490000009536743,-485.3999938964844
2686,42,60,-403.1400146484375,3.490000009536743,-502.4200134277344
2687,42,61,-383.2799987792969,18.440000534057617,1945.3699951171875
2688,42,62,-383.79998779296875,18.190000534057617,1945.3699951171875
2689,42,63,-378.8500061035156,9.84000015258789,1945.300048828125
2690,42,64,-379.3599853515625,9.569999694824219,1945.300048828125
2691,43,1,-279.5299987792969,23.170000076293945,502.6099853515625
2692,43,2,-279.5299987792969,23.170000076293945,485.5899963378906
2693,43,3,-279.5299987792969,23.170000076293945,468.57000732421875
2694,43,4,-279.5299987792969,23.170000076293945,451.5400085449219
2695,43,5,-279.5299987792969,23.170000076293945,434.5199890136719
2696,43,6,-279.5299987792969,23.170000076293945,417.5
2697,43,7,-279.5299987792969,23.170000076293945,400.4800109863281
2698,43,8,-279.5299987792969,23.170000076293945,383.4599914550781
2699,43,9,-279.5299987792969,23.170000076293945,366.44000244140625
2700,43,10,-279.5299987792969,23.170000076293945,349.4200134277344
2701,43,11,-279.5299987792969,23.170000076293945,332.3999938964844
2702,43,12,-279.5299987792969,23.170000076293945,315.3800048828125
2703,43,13,-279.5299987792969,23.170000076293945,298.3599853515625
2704,43,14,-279.5299987792969,23.170000076293945,281.3399963378906
2705,43,15,-279.5299987792969,23.170000076293945,264.32000732421875
2706,43,16,-279.5299987792969,23.170000076293945,247.3000030517578
2707,43,17,-279.5299987792969,23.170000076293945,230.27000427246094
2708,43,18,-279.5299987792969,23.170000076293945,213.25
2709,43,19,-279.5299987792969,23.170000076293945,196.22999572753906
2710,43,20,-279.5299987792969,23.170000076293945,179.2100067138672
2711,43,21,-279.5299987792969,23.170000076293945,162.19000244140625
2712,43,22,-279.5299987792969,23.170000076293945,145.1699981689453
2713,43,23,-279.5299987792969,23.170000076293945,128.14999389648438
2714,43,24,-279.5299987792969,23.170000076293945,111.12999725341797
2715,43,25,-279.5299987792969,23.170000076293945,94.11000061035156
2716,43,26,-279.5299987792969,23.170000076293945,77.08999633789062
2717,43,27,-279.5299987792969,23.170000076293945,60.06999969482422
2718,43,28,-279.5299987792969,23.170000076293945,43.04999923706055
2719,43,29,-279.5299987792969,23.170000076293945,26.030000686645508
2720,43,30,-279.5299987792969,23.170000076293945,9.0
2721,43,31,-279.5299987792969,23.170000076293945,-8.020000457763672
2722,43,32,-279.5299987792969,23.170000076293945,-25.040000915527344
2723,43,33,-279.5299987792969,23.170000076293945,-42.060001373291016
2724,43,34,-279.5299987792969,23.170000076293945,-59.08000183105469
2725,43,35,-279.5299987792969,23.170000076293945,-76.0999984741211
2726,43,36,-279.5299987792969,23.170000076293945,-93.12000274658203
2727,43,37,-279.5299987792969,23.170000076293945,-110.13999938964844
2728,43,38,-279.5299987792969,23.170000076293945,-127.16000366210938
2729,43,39,-279.5299987792969,23.170000076293945,-144.17999267578125
2730,43,40,-279.5299987792969,23.170000076293945,-161.1999969482422
2731,43,41,-279.5299987792969,23.170000076293945,-178.22000122070312
2732,43,42,-279.5299987792969,23.170000076293945,-195.24000549316406
2733,43,43,-279.5299987792969,23.170000076293945,-212.25999450683594
2734,43,44,-279.5299987792969,23.170000076293945,-229.2899932861328
2735,43,45,-279.5299987792969,23.170000076293945,-246.30999755859375
2736,43,46,-279.5299987792969,23.170000076293945,-263.3299865722656
2737,43,47,-279.5299987792969,23.170000076293945,-280.3500061035156
2738,43,48,-279.5299987792969,23.170000076293945,-297.3699951171875
2739,43,49,-279.5299987792969,23.170000076293945,-314.3900146484375
2740,43,50,-279.5299987792969,23.170000076293945,-331.4100036621094
2741,43,51,-279.5299987792969,23.170000076293945,-348.42999267578125
2742,43,52,-279.5299987792969,23.170000076293945,-365.45001220703125
2743,43,53,-279.5299987792969,23.170000076293945,-382.4700012207031
2744,43,54,-279.5299987792969,23.170000076293945,-399.489990234375
2745,43,55,-279.5299987792969,23.170000076293945,-416.510009765625
2746,43,56,-279.5299987792969,23.170000076293945,-433.5299987792969
2747,43,57,-279.5299987792969,23.170000076293945,-450.55999755859375
2748,43,58,-279.5299987792969,23.170000076293945,-467.5799865722656
2749,43,59,-279.5299987792969,23.170000076293945,-486.3999938964844
2750,43,60,-279.5299987792969,23.170000076293945,-503.4200134277344
2751,43,61,-260.010009765625,38.7400016784668,1945.1600341796875
2752,43,62,-260.5299987792969,38.47999954223633,1945.1600341796875
2753,43,63,-255.52000427246094,29.25,1945.1700439453125
2754,43,64,-256.0400085449219,28.979999542236328,1945.1700439453125
2755,44,1,-156.22999572753906,43.369998931884766,500.8399963378906
2756,44,2,-156.22999572753906,43.369998931884766,483.80999755859375
2757,44,3,-156.22999572753906,43.369998931884766,466.7900085449219
2758,44,4,-156.22999572753906,43.369998931884766,449.7699890136719
2759,44,5,-156.22999572753906,43.369998931884766,432.75
2760,44,6,-156.22999572753906,43.369998931884766,415.7300109863281
2761,44,7,-156.22999572753906,43.369998931884766,398.7099914550781
2762,44,8,-156.22999572753906,43.369998931884766,381.69000244140625
2763,44,9,-156.22999572753906,43.369998931884766,364.6700134277344
2764,44,10,-156.22999572753906,43.369998931884766,347.6499938964844
2765,44,11,-156.22999572753906,43.369998931884766,330.6300048828125
2766,44,12,-156.22999572753906,43.369998931884766,313.6099853515625
2767,44,13,-156.22999572753906,43.369998931884766,296.5899963378906
2768,44,14,-156.22999572753906,43.369998931884766,279.57000732421875
2769,44,15,-156.22999572753906,43.369998931884766,262.5400085449219
2770,44,16,-156.22999572753906,43.369998931884766,245.52000427246094
2771,44,17,-156.22999572753906,43.369998931884766,228.5
2772,44,18,-156.22999572753906,43.369998931884766,211.47999572753906
2773,44,19,-156.22999572753906,43.369998931884766,194.4600067138672
2774,44,20,-156.22999572753906,43.369998931884766,177.44000244140625
2775,44,21,-156.22999572753906,43.369998931884766,160.4199981689453
2776,44,22,-156.22999572753906,43.369998931884766,143.39999389648438
2777,44,23,-156.22999572753906,43.369998931884766,126.37999725341797
2778,44,24,-156.22999572753906,43.369998931884766,109.36000061035156
2779,44,25,-156.22999572753906,43.369998931884766,92.33999633789062
2780,44,26,-156.22999572753906,43.369998931884766,75.31999969482422
2781,44,27,-156.22999572753906,43.369998931884766,58.29999923706055
2782,44,28,-156.22999572753906,43.369998931884766,41.27000045776367
2783,44,29,-156.22999572753906,43.369998931884766,24.25
2784,44,30,-156.22999572753906,43.369998931884766,7.230000019073486
2785,44,31,-156.22999572753906,43.369998931884766,-9.789999961853027
2786,44,32,-156.22999572753906,43.369998931884766,-26.809999465942383
2787,44,33,-156.22999572753906,43.369998931884766,-43.83000183105469
2788,44,34,-156.22999572753906,43.369998931884766,-60.849998474121094
2789,44,35,-156.22999572753906,43.369998931884766,-77.87000274658203
2790,44,36,-156.22999572753906,43.369998931884766,-94.88999938964844
2791,44,37,-156.22999572753906,43.369998931884766,-111.91000366210938
2792,44,38,-156.22999572753906,43.369998931884766,-128.92999267578125
2793,44,39,-156.22999572753906,43.369998931884766,-145.9499969482422
2794,44,40,-156.22999572753906,43.369998931884766,-162.97000122070312
2795,44,41,-156.22999572753906,43.369998931884766,-179.99000549316406
2796,44,42,-156.22999572753906,43.369998931884766,-197.02000427246094
2797,44,43,-156.22999572753906,43.369998931884766,-214.0399932861328
2798,44,44,-156.22999572753906,43.369998931884766,-231.05999755859375
2799,44,45,-156.22999572753906,43.369998931884766,-248.0800018310547
2800,44,46,-156.22999572753906,43.369998931884766,-265.1000061035156
2801,44,47,-156.22999572753906,43.369998931884766,-282.1199951171875
2802,44,48,-156.22999572753906,43.369998931884766,-299.1400146484375
2803,44,49,-156.22999572753906,43.369998931884766,-316.1600036621094
2804,44,50,-156.22999572753906,43.369998931884766,-333.17999267578125
2805,44,51,-156.22999572753906,43.369998931884766,-350.20001220703125
2806,44,52,-156.22999572753906,43.369998931884766,-367.2200012207031
2807,44,53,-156.22999572753906,43.369998931884766,-384.239990234375
2808,44,54,-156.22999572753906,43.369998931884766,-401.260009765625
2809,44,55,-156.22999572753906,43.369998931884766,-418.2900085449219
2810,44,56,-156.22999572753906,43.369998931884766,-435.30999755859375
2811,44,57,-156.22999572753906,43.369998931884766,-452.3299865722656
2812,44,58,-156.22999572753906,43.369998931884766,-469.3500061035156
2813,44,59,-156.22999572753906,43.369998931884766,-486.3699951171875
2814,44,60,-156.22999572753906,43.369998931884766,-503.8900146484375
2815,44,61,-131.1999969482422,38.15999984741211,1945.5
2816,44,62,-131.74000549316406,38.369998931884766,1945.5
2817,44,63,-134.6999969482422,29.329999923706055,1945.6099853515625
2818,44,64,-135.24000549316406,29.540000915527344,1945.6099853515625
2819,45,1,-32.959999084472656,62.439998626708984,495.80999755859375
2820,45,2,-32.959999084472656,62.439998626708984,478.7900085449219
2821,45,3,-32.959999084472656,62.439998626708984,461.7699890136719
2822,45,4,-32.959999084472656,62.439998626708984,444.75
2823,45,5,-32.959999084472656,62.439998626708984,427.7300109863281
2824,45,6,-32.959999084472656,62.439998626708984,410.7099914550781
2825,45,7,-32.959999084472656,62.439998626708984,393.69000244140625
2826,45,8,-32.959999084472656,62.439998626708984,376.6700134277344
2827,45,9,-32.959999084472656,62.439998626708984,359.6499938964844
2828,45,10,-32.959999084472656,62.439998626708984,342.6300048828125
2829,45,11,-32.959999084472656,62.439998626708984,325.6099853515625
2830,45,12,-32.959999084472656,62.439998626708984,308.5899963378906
2831,45,13,-32.959999084472656,62.439998626708984,291.57000732421875
2832,45,14,-32.959999084472656,62.439998626708984,274.5400085449219
2833,45,15,-32.959999084472656,62.439998626708984,257.5199890136719
2834,45,16,-32.959999084472656,62.439998626708984,240.5
2835,45,17,-32.959999084472656,62.439998626708984,223.47999572753906
2836,45,18,-32.959999084472656,62.439998626708984,206.4600067138672
2837,45,19,-32.959999084472656,62.439998626708984,189.44000244140625
2838,45,20,-32.959999084472656,62.439998626708984,172.4199981689453
2839,45,21,-32.959999084472656,62.439998626708984,155.39999389648438
2840,45,22,-32.959999084472656,62.439998626708984,138.3800048828125
2841,45,23,-32.959999084472656,62.439998626708984,121.36000061035156
2842,45,24,-32.959999084472656,62.439998626708984,104.33999633789062
2843,45,25,-32.959999084472656,62.439998626708984,87.31999969482422
2844,45,26,-32.959999084472656,62.439998626708984,70.30000305175781
2845,45,27,-32.959999084472656,62.439998626708984,53.279998779296875
2846,45,28,-32.959999084472656,62.439998626708984,36.25
2847,45,29,-32.959999084472656,62.439998626708984,19.229999542236328
2848,45,30,-32.959999084472656,62.439998626708984,2.2100000381469727
2849,45,31,-32.959999084472656,62.439998626708984,-14.8100004196167
2850,45,32,-32.959999084472656,62.439998626708984,-31.829999923706055
2851,45,33,-32.959999084472656,62.439998626708984,-48.849998474121094
2852,45,34,-32.959999084472656,62.439998626708984,-65.87000274658203
2853,45,35,-32.959999084472656,62.439998626708984,-82.88999938964844
2854,45,36,-32.959999084472656,62.439998626708984,-99.91000366210938
2855,45,37,-32.959999084472656,62.439998626708984,-116.93000030517578
2856,45,38,-32.959999084472656,62.439998626708984,-133.9499969482422
2857,45,39,-32.959999084472656,62.439998626708984,-150.97000122070312
2858,45,40,-32.959999084472656,62.439998626708984,-167.99000549316406
2859,45,41,-32.959999084472656,62.439998626708984,-185.02000427246094
2860,45,42,-32.959999084472656,62.439998626708984,-202.0399932861328
2861,45,43,-32.959999084472656,62.439998626708984,-219.05999755859375
2862,45,44,-32.959999084472656,62.439998626708984,-236.0800018310547
2863,45,45,-32.959999084472656,62.439998626708984,-253.10000610351562
2864,45,46,-32.959999084472656,62.439998626708984,-270.1199951171875
2865,45,47,-32.959999084472656,62.439998626708984,-287.1400146484375
2866,45,48,-32.959999084472656,62.439998626708984,-304.1600036621094
2867,45,49,-32.959999084472656,62.439998626708984,-321.17999267578125
2868,45,50,-32.959999084472656,62.439998626708984,-338.20001220703125
2869,45,51,-32.959999084472656,62.439998626708984,-355.2200012207031
2870,45,52,-32.959999084472656,62.439998626708984,-372.239990234375
2871,45,53,-32.959999084472656,62.439998626708984,-389.260009765625
2872,45,54,-32.959999084472656,62.439998626708984,-406.2900085449219
2873,45,55,-32.959999084472656,62.439998626708984,-423.30999755859375
2874,45,56,-32.959999084472656,62.439998626708984,-440.3299865722656
2875,45,57,-32.959999084472656,62.439998626708984,-457.3500061035156
2876,45,58,-32.959999084472656,62.439998626708984,-474.3699951171875
2877,45,59,-32.959999084472656,62.439998626708984,-491.3900146484375
2878,45,60,-32.959999084472656,62.439998626708984,-508.4100036621094
2879,45,61,-43.31999969482422,40.22999954223633,1945.9300537109375
2880,45,62,-42.97999954223633,40.70000076293945,1945.9300537109375
2881,45,63,-51.29999923706055,46.02000045776367,1945.9000244140625
2882,45,64,-50.959999084472656,46.4900016784668,1945.9000244140625
2883,46,1,90.48999786376953,82.3499984741211,501.6600036621094
2884,46,2,90.48999786376953,82.3499984741211,484.6400146484375
2885,46,3,90.48999786376953,82.3499984741211,467.6199951171875
2886,46,4,90.48999786376953,82.3499984741211,450.6000061035156
2887,46,5,90.48999786376953,82.3499984741211,433.5799865722656
2888,46,6,90.48999786376953,82.3499984741211,416.55999755859375
2889,46,7,90.48999786376953,82.3499984741211,399.5400085449219
2890,46,8,90.48999786376953,82.3499984741211,382.5199890136719
2891,46,9,90.48999786376953,82.3499984741211,365.5
2892,46,10,90.48999786376953,82.3499984741211,348.4800109863281
2893,46,11,90.48999786376953,82.3499984741211,331.4599914550781
2894,46,12,90.48999786376953,82.3499984741211,314.44000244140625
2895,46,13,90.48999786376953,82.3499984741211,297.4200134277344
2896,46,14,90.48999786376953,82.3499984741211,280.3900146484375
2897,46,15,90.48999786376953,82.3499984741211,263.3699951171875
2898,46,16,90.48999786376953,82.3499984741211,246.35000610351562
2899,46,17,90.48999786376953,82.3499984741211,229.3300018310547
2900,46,18,90.48999786376953,82.3499984741211,212.30999755859375
2901,46,19,90.48999786376953,82.3499984741211,195.2899932861328
2902,46,20,90.48999786376953,82.3499984741211,178.27000427246094
2903,46,21,90.48999786376953,82.3499984741211,161.25
2904,46,22,90.48999786376953,82.3499984741211,144.22999572753906
2905,46,23,90.48999786376953,82.3499984741211,127.20999908447266
2906,46,24,90.48999786376953,82.3499984741211,110.19000244140625
2907,46,25,90.48999786376953,82.3499984741211,93.16999816894531
2908,46,26,90.48999786376953,82.3499984741211,76.1500015258789
2909,46,27,90.48999786376953,82.3499984741211,59.130001068115234
2910,46,28,90.48999786376953,82.3499984741211,42.099998474121094
2911,46,29,90.48999786376953,82.3499984741211,25.079999923706055
2912,46,30,90.48999786376953,82.3499984741211,8.0600004196167
2913,46,31,90.48999786376953,82.3499984741211,-8.960000038146973
2914,46,32,90.48999786376953,82.3499984741211,-25.979999542236328
2915,46,33,90.48999786376953,82.3499984741211,-43.0
2916,46,34,90.48999786376953,82.3499984741211,-60.02000045776367
2917,46,35,90.48999786376953,82.3499984741211,-77.04000091552734
2918,46,36,90.48999786376953,82.3499984741211,-94.05999755859375
2919,46,37,90.48999786376953,82.3499984741211,-111.08000183105469
2920,46,38,90.48999786376953,82.3499984741211,-128.10000610351562
2921,46,39,90.48999786376953,82.3499984741211,-145.1199951171875
2922,46,40,90.48999786376953,82.3499984741211,-162.13999938964844
2923,46,41,90.48999786376953,82.3499984741211,-179.1699981689453
2924,46,42,90.48999786376953,82.3499984741211,-196.19000244140625
2925,46,43,90.48999786376953,82.3499984741211,-213.2100067138672
2926,46,44,90.48999786376953,82.3499984741211,-230.22999572753906
2927,46,45,90.48999786376953,82.3499984741211,-247.25
2928,46,46,90.48999786376953,82.3499984741211,-264.2699890136719
2929,46,47,90.48999786376953,82.3499984741211,-281.2900085449219
2930,46,48,90.48999786376953,82.3499984741211,-298.30999755859375
2931,46,49,90.48999786376953,82.3499984741211,-315.3299865722656
2932,46,50,90.48999786376953,82.3499984741211,-332.3500061035156
2933,46,51,90.48999786376953,82.3499984741211,-349.3699951171875
2934,46,52,90.48999786376953,82.3499984741211,-366.3900146484375
2935,46,53,90.48999786376953,82.3499984741211,-383.4100036621094
2936,46,54,90.48999786376953,82.3499984741211,-400.44000244140625
2937,46,55,90.48999786376953,82.3499984741211,-417.4599914550781
2938,46,56,90.48999786376953,82.3499984741211,-434.4800109863281
2939,46,57,90.48999786376953,82.3499984741211,-451.5
2940,46,58,90.48999786376953,82.3499984741211,-468.5199890136719
2941,46,59,90.48999786376953,82.3499984741211,-485.5400085449219
2942,46,60,90.48999786376953,82.3499984741211,-502.55999755859375
2943,46,61,71.08999633789062,66.69999694824219,1946.0699462890625
2944,46,62,71.61000061035156,66.94999694824219,1946.0699462890625
2945,46,63,66.81999969482422,75.25,1946.050048828125
2946,46,64,67.33000183105469,75.54000091552734,1946.050048828125
2947,47,1,195.02999877929688,125.58999633789062,501.8299865722656
2948,47,2,195.02999877929688,125.58999633789062,484.80999755859375
2949,47,3,195.02999877929688,125.58999633789062,467.7900085449219
2950,47,4,195.02999877929688,125.58999633789062,450.7699890136719
2951,47,5,195.02999877929688,125.58999633789062,433.75
2952,47,6,195.02999877929688,125.58999633789062,416.7300109863281
2953,47,7,195.02999877929688,125.58999633789062,399.7099914550781
2954,47,8,195.02999877929688,125.58999633789062,382.69000244140625
2955,47,9,195.02999877929688,125.58999633789062,365.6700134277344
2956,47,10,195.02999877929688,125.58999633789062,348.6499938964844
2957,47,11,195.02999877929688,125.58999633789062,331.6300048828125
2958,47,12,195.02999877929688,125.58999633789062,314.6099853515625
2959,47,13,195.02999877929688,125.58999633789062,297.5899963378906
2960,47,14,195.02999877929688,125.58999633789062,280.55999755859375
2961,47,15,195.02999877929688,125.58999633789062,263.5400085449219
2962,47,16,195.02999877929688,125.58999633789062,246.52000427246094
2963,47,17,195.02999877929688,125.58999633789062,229.5
2964,47,18,195.02999877929688,125.58999633789062,212.47999572753906
2965,47,19,195.02999877929688,125.58999633789062,195.4600067138672
2966,47,20,195.02999877929688,125.58999633789062,178.44000244140625
2967,47,21,195.02999877929688,125.58999633789062,161.4199981689453
2968,47,22,195.02999877929688,125.58999633789062,144.39999389648438
2969,47,23,195.02999877929688,125.58999633789062,127.37999725341797
2970,47,24,195.02999877929688,125.58999633789062,110.36000061035156
2971,47,25,195.02999877929688,125.58999633789062,93.33999633789062
2972,47,26,195.02999877929688,125.58999633789062,76.31999969482422
2973,47,27,195.02999877929688,125.58999633789062,59.29999923706055
2974,47,28,195.02999877929688,125.58999633789062,42.27000045776367
2975,47,29,195.02999877929688,125.58999633789062,25.25
2976,47,30,195.02999877929688,125.58999633789062,8.229999542236328
2977,47,31,195.02999877929688,125.58999633789062,-8.789999961853027
2978,47,32,195.02999877929688,125.58999633789062,-25.809999465942383
2979,47,33,195.02999877929688,125.58999633789062,-42.83000183105469
2980,47,34,195.02999877929688,125.58999633789062,-59.849998474121094
2981,47,35,195.02999877929688,125.58999633789062,-76.87000274658203
2982,47,36,195.02999877929688,125.58999633789062,-93.88999938964844
2983,47,37,195.02999877929688,125.58999633789062,-110.91000366210938
2984,47,38,195.02999877929688,125.58999633789062,-127.93000030517578
2985,47,39,195.02999877929688,125.58999633789062,-144.9499969482422
2986,47,40,195.02999877929688,125.58999633789062,-161.97000122070312
2987,47,41,195.02999877929688,125.58999633789062,-179.0
2988,47,42,195.02999877929688,125.58999633789062,-196.02000427246094
2989,47,43,195.02999877929688,125.58999633789062,-213.0399932861328
2990,47,44,195.02999877929688,125.58999633789062,-230.05999755859375
2991,47,45,195.02999877929688,125.58999633789062,-247.0800018310547
2992,47,46,195.02999877929688,125.58999633789062,-264.1000061035156
2993,47,47,195.02999877929688,125.58999633789062,-281.1199951171875
2994,47,48,195.02999877929688,125.58999633789062,-298.1400146484375
2995,47,49,195.02999877929688,125.58999633789062,-315.1600036621094
2996,47,50,195.02999877929688,125.58999633789062,-332.17999267578125
2997,47,51,195.02999877929688,125.58999633789062,-349.20001220703125
2998,47,52,195.02999877929688,125.58999633789062,-366.2200012207031
2999,47,53,195.02999877929688,125.58999633789062,-383.239990234375
3000,47,54,195.02999877929688,125.58999633789062,-400.2699890136719
3001,47,55,195.02999877929688,125.58999633789062,-417.2900085449219
3002,47,56,195.02999877929688,125.58999633789062,-434.30999755859375
3003,47,57,195.02999877929688,125.58999633789062,-451.3299865722656
3004,47,58,195.02999877929688,125.58999633789062,-468.3500061035156
3005,47,59,195.02999877929688,125.58999633789062,-485.3699951171875
3006,47,60,195.02999877929688,125.58999633789062,-502.3900146484375
3007,47,61,172.39999389648438,114.48999786376953,1947.0999755859375
3008,47,62,172.9600067138672,114.62000274658203,1947.0999755859375
3009,47,63,170.0,124.16999816894531,1947.0
3010,47,64,170.5500030517578,124.27999877929688,1947.0
3011,48,1,330.0299987792969,127.19999694824219,500.8699951171875
3012,48,2,330.0299987792969,127.19999694824219,483.8500061035156
3013,48,3,330.0299987792969,127.19999694824219,466.8299865722656
3014,48,4,330.0299987792969,127.19999694824219,449.79998779296875
3015,48,5,330.0299987792969,127.19999694824219,432.7799987792969
3016,48,6,330.0299987792969,127.19999694824219,415.760009765625
3017,48,7,330.0299987792969,127.19999694824219,398.739990234375
3018,48,8,330.0299987792969,127.19999694824219,381.7200012207031
3019,48,9,330.0299987792969,127.19999694824219,364.70001220703125
3020,48,10,330.0299987792969,127.19999694824219,347.67999267578125
3021,48,11,330.0299987792969,127.19999694824219,330.6600036621094
3022,48,12,330.0299987792969,127.19999694824219,313.6400146484375
3023,48,13,330.0299987792969,127.19999694824219,296.6199951171875
3024,48,14,330.0299987792969,127.19999694824219,279.6000061035156
3025,48,15,330.0299987792969,127.19999694824219,262.5799865722656
3026,48,16,330.0299987792969,127.19999694824219,245.55999755859375
3027,48,17,330.0299987792969,127.19999694824219,228.52999877929688
3028,48,18,330.0299987792969,127.19999694824219,211.50999450683594
3029,48,19,330.0299987792969,127.19999694824219,194.49000549316406
3030,48,20,330.0299987792969,127.19999694824219,177.47000122070312
3031,48,21,330.0299987792969,127.19999694824219,160.4499969482422
3032,48,22,330.0299987792969,127.19999694824219,143.42999267578125
3033,48,23,330.0299987792969,127.19999694824219,126.41000366210938
3034,48,24,330.0299987792969,127.19999694824219,109.38999938964844
3035,48,25,330.0299987792969,127.19999694824219,92.37000274658203
3036,48,26,330.0299987792969,127.19999694824219,75.3499984741211
3037,48,27,330.0299987792969,127.19999694824219,58.33000183105469
3038,48,28,330.0299987792969,127.19999694824219,41.310001373291016
3039,48,29,330.0299987792969,127.19999694824219,24.290000915527344
3040,48,30,330.0299987792969,127.19999694824219,7.260000228881836
3041,48,31,330.0299987792969,127.19999694824219,-9.760000228881836
3042,48,32,330.0299987792969,127.19999694824219,-26.780000686645508
3043,48,33,330.0299987792969,127.19999694824219,-43.79999923706055
3044,48,34,330.0299987792969,127.19999694824219,-60.81999969482422
3045,48,35,330.0299987792969,127.19999694824219,-77.83999633789062
3046,48,36,330.0299987792969,127.19999694824219,-94.86000061035156
3047,48,37,330.0299987792969,127.19999694824219,-111.87999725341797
3048,48,38,330.0299987792969,127.19999694824219,-128.89999389648438
3049,48,39,330.0299987792969,127.19999694824219,-145.9199981689453
3050,48,40,330.0299987792969,127.19999694824219,-162.94000244140625
3051,48,41,330.0299987792969,127.19999694824219,-179.9600067138672
3052,48,42,330.0299987792969,127.19999694824219,-196.97999572753906
3053,48,43,330.0299987792969,127.19999694824219,-214.00999450683594
3054,48,44,330.0299987792969,127.19999694824219,-231.02999877929688
3055,48,45,330.0299987792969,127.19999694824219,-248.0500030517578
3056,48,46,330.0299987792969,127.19999694824219,-265.07000732421875
3057,48,47,330.0299987792969,127.19999694824219,-282.0899963378906
3058,48,48,330.0299987792969,127.19999694824219,-299.1099853515625
3059,48,49,330.0299987792969,127.19999694824219,-316.1300048828125
3060,48,50,330.0299987792969,127.19999694824219,-333.1499938964844
3061,48,51,330.0299987792969,127.19999694824219,-350.1700134277344
3062,48,52,330.0299987792969,127.19999694824219,-367.19000244140625
3063,48,53,330.0299987792969,127.19999694824219,-384.2099914550781
3064,48,54,330.0299987792969,127.19999694824219,-401.2300109863281
3065,48,55,330.0299987792969,127.19999694824219,-418.25
3066,48,56,330.0299987792969,127.19999694824219,-435.2799987792969
3067,48,57,330.0299987792969,127.19999694824219,-452.29998779296875
3068,48,58,330.0299987792969,127.19999694824219,-469.32000732421875
3069,48,59,330.0299987792969,127.19999694824219,-486.3399963378906
3070,48,60,330.0299987792969,127.19999694824219,-504.8599853515625
3071,48,61,365.2900085449219,151.25,1949.800048828125
3072,48,62,365.6099853515625,151.72000122070312,1949.800048828125
3073,48,63,356.8800048828125,156.58999633789062,1949.8199462890625
3074,48,64,357.2099914550781,157.0500030517578,1949.8199462890625
3075,49,1,472.04998779296875,127.9000015258789,504.2699890136719
3076,49,2,472.04998779296875,127.9000015258789,487.25
3077,49,3,472.04998779296875,127.9000015258789,470.2300109863281
3078,49,4,472.04998779296875,127.9000015258789,453.2099914550781
3079,49,5,472.04998779296875,127.9000015258789,436.19000244140625
3080,49,6,472.04998779296875,127.9000015258789,419.1700134277344
3081,49,7,472.04998779296875,127.9000015258789,402.1499938964844
3082,49,8,472.04998779296875,127.9000015258789,385.1300048828125
3083,49,9,472.04998779296875,127.9000015258789,368.1099853515625
3084,49,10,472.04998779296875,127.9000015258789,351.0899963378906
3085,49,11,472.04998779296875,127.9000015258789,334.07000732421875
3086,49,12,472.04998779296875,127.9000015258789,317.04998779296875
3087,49,13,472.04998779296875,127.9000015258789,300.0299987792969
3088,49,14,472.04998779296875,127.9000015258789,283.0
3089,49,15,472.04998779296875,127.9000015258789,265.9800109863281
3090,49,16,472.04998779296875,127.9000015258789,248.9600067138672
3091,49,17,472.04998779296875,127.9000015258789,231.94000244140625
3092,49,18,472.04998779296875,127.9000015258789,214.9199981689453
3093,49,19,472.04998779296875,127.9000015258789,197.89999389648438
3094,49,20,472.04998779296875,127.9000015258789,180.8800048828125
3095,49,21,472.04998779296875,127.9000015258789,163.86000061035156
3096,49,22,472.04998779296875,127.9000015258789,146.83999633789062
3097,49,23,472.04998779296875,127.9000015258789,129.82000732421875
3098,49,24,472.04998779296875,127.9000015258789,112.80000305175781
3099,49,25,472.04998779296875,127.9000015258789,95.77999877929688
3100,49,26,472.04998779296875,127.9000015258789,78.76000213623047
3101,49,27,472.04998779296875,127.9000015258789,61.7400016784668
3102,49,28,472.04998779296875,127.9000015258789,44.709999084472656
3103,49,29,472.04998779296875,127.9000015258789,27.690000534057617
3104,49,30,472.04998779296875,127.9000015258789,10.670000076293945
3105,49,31,472.04998779296875,127.9000015258789,-6.349999904632568
3106,49,32,472.04998779296875,127.9000015258789,-23.3700008392334
3107,49,33,472.04998779296875,127.9000015258789,-40.38999938964844
3108,49,34,472.04998779296875,127.9000015258789,-57.40999984741211
3109,49,35,472.04998779296875,127.9000015258789,-74.43000030517578
3110,49,36,472.04998779296875,127.9000015258789,-91.44999694824219
3111,49,37,472.04998779296875,127.9000015258789,-108.47000122070312
3112,49,38,472.04998779296875,127.9000015258789,-125.48999786376953
3113,49,39,472.04998779296875,127.9000015258789,-142.50999450683594
3114,49,40,472.04998779296875,127.9000015258789,-159.52999877929688
3115,49,41,472.04998779296875,127.9000015258789,-176.55999755859375
3116,49,42,472.04998779296875,127.9000015258789,-193.5800018310547
3117,49,43,472.04998779296875,127.9000015258789,-210.60000610351562
3118,49,44,472.04998779296875,127.9000015258789,-227.6199951171875
3119,49,45,472.04998779296875,127.9000015258789,-244.63999938964844
3120,49,46,472.04998779296875,127.9000015258789,-261.6600036621094
3121,49,47,472.04998779296875,127.9000015258789,-278.67999267578125
3122,49,48,472.04998779296875,127.9000015258789,-295.70001220703125
3123,49,49,472.04998779296875,127.9000015258789,-312.7200012207031
3124,49,50,472.04998779296875,127.9000015258789,-329.739990234375
3125,49,51,472.04998779296875,127.9000015258789,-346.760009765625
3126,49,52,472.04998779296875,127.9000015258789,-363.7799987792969
3127,49,53,472.04998779296875,127.9000015258789,-380.79998779296875
3128,49,54,472.04998779296875,127.9000015258789,-397.8299865722656
3129,49,55,472.04998779296875,127.9000015258789,-414.8500061035156
3130,49,56,472.04998779296875,127.9000015258789,-431.8699951171875
3131,49,57,472.04998779296875,127.9000015258789,-448.8900146484375
3132,49,58,472.04998779296875,127.9000015258789,-465.9100036621094
3133,49,59,472.04998779296875,127.9000015258789,-482.92999267578125
3134,49,60,472.04998779296875,127.9000015258789,-499.95001220703125
3135,49,61,495.5,137.0,1949.5999755859375
3136,49,62,494.94000244140625,136.8800048828125,1949.5999755859375
3137,49,63,497.04998779296875,127.52999877929688,1949.5899658203125
3138,49,64,496.4800109863281,127.44000244140625,1949.5899658203125
3139,50,1,576.3699951171875,170.9199981689453,494.0400085449219
3140,50,2,576.3699951171875,170.9199981689453,477.0199890136719
3141,50,3,576.3699951171875,170.9199981689453,460.0
3142,50,4,576.3699951171875,170.9199981689453,442.9800109863281
3143,50,5,576.3699951171875,170.9199981689453,425.9599914550781
3144,50,6,576.3699951171875,170.9199981689453,408.94000244140625
3145,50,7,576.3699951171875,170.9199981689453,391.9200134277344
3146,50,8,576.3699951171875,170.9199981689453,374.8999938964844
3147,50,9,576.3699951171875,170.9199981689453,357.8800048828125
3148,50,10,576.3699951171875,170.9199981689453,340.8599853515625
3149,50,11,576.3699951171875,170.9199981689453,323.8399963378906
3150,50,12,576.3699951171875,170.9199981689453,306.82000732421875
3151,50,13,576.3699951171875,170.9199981689453,289.79998779296875
3152,50,14,576.3699951171875,170.9199981689453,272.7699890136719
3153,50,15,576.3699951171875,170.9199981689453,255.75
3154,50,16,576.3699951171875,170.9199981689453,238.72999572753906
3155,50,17,576.3699951171875,170.9199981689453,221.7100067138672
3156,50,18,576.3699951171875,170.9199981689453,204.69000244140625
3157,50,19,576.3699951171875,170.9199981689453,187.6699981689453
3158,50,20,576.3699951171875,170.9199981689453,170.64999389648438
3159,50,21,576.3699951171875,170.9199981689453,153.6300048828125
3160,50,22,576.3699951171875,170.9199981689453,136.61000061035156
3161,50,23,576.3699951171875,170.9199981689453,119.58999633789062
3162,50,24,576.3699951171875,170.9199981689453,102.56999969482422
3163,50,25,576.3699951171875,170.9199981689453,85.55000305175781
3164,50,26,576.3699951171875,170.9199981689453,68.52999877929688
3165,50,27,576.3699951171875,170.9199981689453,51.5099983215332
3166,50,28,576.3699951171875,170.9199981689453,34.47999954223633
3167,50,29,576.3699951171875,170.9199981689453,17.459999084472656
3168,50,30,576.3699951171875,170.9199981689453,0.4399999976158142
3169,50,31,576.3699951171875,170.9199981689453,-16.579999923706055
3170,50,32,576.3699951171875,170.9199981689453,-33.599998474121094
3171,50,33,576.3699951171875,170.9199981689453,-50.619998931884766
3172,50,34,576.3699951171875,170.9199981689453,-67.63999938964844
3173,50,35,576.3699951171875,170.9199981689453,-84.66000366210938
3174,50,36,576.3699951171875,170.9199981689453,-101.68000030517578
3175,50,37,576.3699951171875,170.9199981689453,-118.69999694824219
3176,50,38,576.3699951171875,170.9199981689453,-135.72000122070312
3177,50,39,576.3699951171875,170.9199981689453,-152.74000549316406
3178,50,40,576.3699951171875,170.9199981689453,-169.75999450683594
3179,50,41,576.3699951171875,170.9199981689453,-186.7899932861328
3180,50,42,576.3699951171875,170.9199981689453,-203.80999755859375
3181,50,43,576.3699951171875,170.9199981689453,-220.8300018310547
3182,50,44,576.3699951171875,170.9199981689453,-237.85000610351562
3183,50,45,576.3699951171875,170.9199981689453,-254.8699951171875
3184,50,46,576.3699951171875,170.9199981689453,-271.8900146484375
3185,50,47,576.3699951171875,170.9199981689453,-288.9100036621094
3186,50,48,576.3699951171875,170.9199981689453,-305.92999267578125
3187,50,49,576.3699951171875,170.9199981689453,-322.95001220703125
3188,50,50,576.3699951171875,170.9199981689453,-339.9700012207031
3189,50,51,576.3699951171875,170.9199981689453,-356.989990234375
3190,50,52,576.3699951171875,170.9199981689453,-374.010009765625
3191,50,53,576.3699951171875,170.9199981689453,-391.0299987792969
3192,50,54,576.3699951171875,170.9199981689453,-408.05999755859375
3193,50,55,576.3699951171875,170.9199981689453,-425.0799865722656
3194,50,56,576.3699951171875,170.9199981689453,-442.1000061035156
3195,50,57,576.3699951171875,170.9199981689453,-459.1199951171875
3196,50,58,576.3699951171875,170.9199981689453,-476.1400146484375
3197,50,59,576.3699951171875,170.9199981689453,-493.1600036621094
3198,50,60,576.3699951171875,170.9199981689453,-510.17999267578125
3199,50,61,604.3400268554688,147.2899932861328,1949.8299560546875
3200,50,62,603.969970703125,147.72999572753906,1949.8299560546875
3201,50,63,596.9299926757812,140.38999938964844,1949.8599853515625
3202,50,64,596.5599975585938,140.82000732421875,1949.8599853515625
3203,51,1,-481.6000061035156,101.38999938964844,502.04998779296875
3204,51,2,-481.6000061035156,101.38999938964844,485.0299987792969
3205,51,3,-481.6000061035156,101.38999938964844,468.010009765625
3206,51,4,-481.6000061035156,101.38999938964844,450.989990234375
3207,51,5,-481.6000061035156,101.38999938964844,433.9700012207031
3208,51,6,-481.6000061035156,101.38999938964844,416.95001220703125
3209,51,7,-481.6000061035156,101.38999938964844,399.92999267578125
3210,51,8,-481.6000061035156,101.38999938964844,382.9100036621094
3211,51,9,-481.6000061035156,101.38999938964844,365.8900146484375
3212,51,10,-481.6000061035156,101.38999938964844,348.8699951171875
3213,51,11,-481.6000061035156,101.38999938964844,331.8500061035156
3214,51,12,-481.6000061035156,101.38999938964844,314.8299865722656
3215,51,13,-481.6000061035156,101.38999938964844,297.80999755859375
3216,51,14,-481.6000061035156,101.38999938964844,280.7799987792969
3217,51,15,-481.6000061035156,101.38999938964844,263.760009765625
3218,51,16,-481.6000061035156,101.38999938964844,246.74000549316406
3219,51,17,-481.6000061035156,101.38999938964844,229.72000122070312
3220,51,18,-481.6000061035156,101.38999938964844,212.6999969482422
3221,51,19,-481.6000061035156,101.38999938964844,195.67999267578125
3222,51,20,-481.6000061035156,101.38999938964844,178.66000366210938
3223,51,21,-481.6000061035156,101.38999938964844,161.63999938964844
3224,51,22,-481.6000061035156,101.38999938964844,144.6199951171875
3225,51,23,-481.6000061035156,101.38999938964844,127.5999984741211
3226,51,24,-481.6000061035156,101.38999938964844,110.58000183105469
3227,51,25,-481.6000061035156,101.38999938964844,93.55999755859375
3228,51,26,-481.6000061035156,101.38999938964844,76.54000091552734
3229,51,27,-481.6000061035156,101.38999938964844,59.5099983215332
3230,51,28,-481.6000061035156,101.38999938964844,42.4900016784668
3231,51,29,-481.6000061035156,101.38999938964844,25.469999313354492
3232,51,30,-481.6000061035156,101.38999938964844,8.449999809265137
3233,51,31,-481.6000061035156,101.38999938964844,-8.569999694824219
3234,51,32,-481.6000061035156,101.38999938964844,-25.59000015258789
3235,51,33,-481.6000061035156,101.38999938964844,-42.61000061035156
3236,51,34,-481.6000061035156,101.38999938964844,-59.630001068115234
3237,51,35,-481.6000061035156,101.38999938964844,-76.6500015258789
3238,51,36,-481.6000061035156,101.38999938964844,-93.66999816894531
3239,51,37,-481.6000061035156,101.38999938964844,-110.69000244140625
3240,51,38,-481.6000061035156,101.38999938964844,-127.70999908447266
3241,51,39,-481.6000061035156,101.38999938964844,-144.72999572753906
3242,51,40,-481.6000061035156,101.38999938964844,-161.75999450683594
3243,51,41,-481.6000061035156,101.38999938964844,-178.77999877929688
3244,51,42,-481.6000061035156,101.38999938964844,-195.8000030517578
3245,51,43,-481.6000061035156,101.38999938964844,-212.82000732421875
3246,51,44,-481.6000061035156,101.38999938964844,-229.83999633789062
3247,51,45,-481.6000061035156,101.38999938964844,-246.86000061035156
3248,51,46,-481.6000061035156,101.38999938964844,-263.8800048828125
3249,51,47,-481.6000061035156,101.38999938964844,-280.8999938964844
3250,51,48,-481.6000061035156,101.38999938964844,-297.9200134277344
3251,51,49,-481.6000061035156,101.38999938964844,-314.94000244140625
3252,51,50,-481.6000061035156,101.38999938964844,-331.9599914550781
3253,51,51,-481.6000061035156,101.38999938964844,-348.9800109863281
3254,51,52,-481.6000061035156,101.38999938964844,-366.0
3255,51,53,-481.6000061035156,101.38999938964844,-383.0199890136719
3256,51,54,-481.6000061035156,101.38999938964844,-400.04998779296875
3257,51,55,-481.6000061035156,101.38999938964844,-417.07000732421875
3258,51,56,-481.6000061035156,101.38999938964844,-434.0899963378906
3259,51,57,-481.6000061035156,101.38999938964844,-451.1099853515625
3260,51,58,-481.6000061035156,101.38999938964844,-468.1300048828125
3261,51,59,-481.6000061035156,101.38999938964844,-484.9200134277344
3262,51,60,-481.6000061035156,101.38999938964844,-501.94000244140625
3263,51,61,-456.55999755859375,101.51000213623047,1945.1800537109375
3264,51,62,-457.1300048828125,101.62000274658203,1945.1800537109375
3265,51,63,-457.9800109863281,91.18000030517578,1945.1199951171875
3266,51,64,-458.54998779296875,91.2699966430664,1945.1199951171875
3267,52,1,-358.44000244140625,120.55999755859375,498.05999755859375
3268,52,2,-358.44000244140625,120.55999755859375,481.0400085449219
3269,52,3,-358.44000244140625,120.55999755859375,464.0199890136719
3270,52,4,-358.44000244140625,120.55999755859375,447.0
3271,52,5,-358.44000244140625,120.55999755859375,429.9800109863281
3272,52,6,-358.44000244140625,120.55999755859375,412.9599914550781
3273,52,7,-358.44000244140625,120.55999755859375,395.94000244140625
3274,52,8,-358.44000244140625,120.55999755859375,378.9200134277344
3275,52,9,-358.44000244140625,120.55999755859375,361.8999938964844
3276,52,10,-358.44000244140625,120.55999755859375,344.8800048828125
3277,52,11,-358.44000244140625,120.55999755859375,327.8599853515625
3278,52,12,-358.44000244140625,120.55999755859375,310.8399963378906
3279,52,13,-358.44000244140625,120.55999755859375,293.82000732421875
3280,52,14,-358.44000244140625,120.55999755859375,276.7900085449219
3281,52,15,-358.44000244140625,120.55999755859375,259.7699890136719
3282,52,16,-358.44000244140625,120.55999755859375,242.75
3283,52,17,-358.44000244140625,120.55999755859375,225.72999572753906
3284,52,18,-358.44000244140625,120.55999755859375,208.7100067138672
3285,52,19,-358.44000244140625,120.55999755859375,191.69000244140625
3286,52,20,-358.44000244140625,120.55999755859375,174.6699981689453
3287,52,21,-358.44000244140625,120.55999755859375,157.64999389648438
3288,52,22,-358.44000244140625,120.55999755859375,140.6300048828125
3289,52,23,-358.44000244140625,120.55999755859375,123.61000061035156
3290,52,24,-358.44000244140625,120.55999755859375,106.58999633789062
3291,52,25,-358.44000244140625,120.55999755859375,89.56999969482422
3292,52,26,-358.44000244140625,120.55999755859375,72.55000305175781
3293,52,27,-358.44000244140625,120.55999755859375,55.529998779296875
3294,52,28,-358.44000244140625,120.55999755859375,38.5
3295,52,29,-358.44000244140625,120.55999755859375,21.479999542236328
3296,52,30,-358.44000244140625,120.55999755859375,4.460000038146973
3297,52,31,-358.44000244140625,120.55999755859375,-12.5600004196167
3298,52,32,-358.44000244140625,120.55999755859375,-29.579999923706055
3299,52,33,-358.44000244140625,120.55999755859375,-46.599998474121094
3300,52,34,-358.44000244140625,120.55999755859375,-63.619998931884766
3301,52,35,-358.44000244140625,120.55999755859375,-80.63999938964844
3302,52,36,-358.44000244140625,120.55999755859375,-97.66000366210938
3303,52,37,-358.44000244140625,120.55999755859375,-114.68000030517578
3304,52,38,-358.44000244140625,120.55999755859375,-131.6999969482422
3305,52,39,-358.44000244140625,120.55999755859375,-148.72000122070312
3306,52,40,-358.44000244140625,120.55999755859375,-165.74000549316406
3307,52,41,-358.44000244140625,120.55999755859375,-182.77000427246094
3308,52,42,-358.44000244140625,120.55999755859375,-199.7899932861328
3309,52,43,-358.44000244140625,120.55999755859375,-216.80999755859375
3310,52,44,-358.44000244140625,120.55999755859375,-233.8300018310547
3311,52,45,-358.44000244140625,120.55999755859375,-250.85000610351562
3312,52,46,-358.44000244140625,120.55999755859375,-267.8699951171875
3313,52,47,-358.44000244140625,120.55999755859375,-284.8900146484375
3314,52,48,-358.44000244140625,120.55999755859375,-301.9100036621094
3315,52,49,-358.44000244140625,120.55999755859375,-318.92999267578125
3316,52,50,-358.44000244140625,120.55999755859375,-335.95001220703125
3317,52,51,-358.44000244140625,120.55999755859375,-352.9700012207031
3318,52,52,-358.44000244140625,120.55999755859375,-369.989990234375
3319,52,53,-358.44000244140625,120.55999755859375,-387.010009765625
3320,52,54,-358.44000244140625,120.55999755859375,-404.0400085449219
3321,52,55,-358.44000244140625,120.55999755859375,-421.05999755859375
3322,52,56,-358.44000244140625,120.55999755859375,-438.0799865722656
3323,52,57,-358.44000244140625,120.55999755859375,-455.1000061035156
3324,52,58,-358.44000244140625,120.55999755859375,-472.1199951171875
3325,52,59,-358.44000244140625,120.55999755859375,-489.1400146484375
3326,52,60,-358.44000244140625,120.55999755859375,-506.1600036621094
3327,52,61,-332.9599914550781,120.58000183105469,1945.5899658203125
3328,52,62,-333.5199890136719,120.69999694824219,1945.5899658203125
3329,52,63,-334.2300109863281,111.38999938964844,1945.6300048828125
3330,52,64,-334.79998779296875,111.47000122070312,1945.6300048828125
3331,53,1,-234.9499969482422,140.44000244140625,500.05999755859375
3332,53,2,-234.9499969482422,140.44000244140625,483.0400085449219
3333,53,3,-234.9499969482422,140.44000244140625,466.0199890136719
3334,53,4,-234.9499969482422,140.44000244140625,449.0
3335,53,5,-234.9499969482422,140.44000244140625,431.9800109863281
3336,53,6,-234.9499969482422,140.44000244140625,414.9599914550781
3337,53,7,-234.9499969482422,140.44000244140625,397.94000244140625
3338,53,8,-234.9499969482422,140.44000244140625,380.9200134277344
3339,53,9,-234.9499969482422,140.44000244140625,363.8999938964844
3340,53,10,-234.9499969482422,140.44000244140625,346.8800048828125
3341,53,11,-234.9499969482422,140.44000244140625,329.8599853515625
3342,53,12,-234.9499969482422,140.44000244140625,312.8399963378906
3343,53,13,-234.9499969482422,140.44000244140625,295.82000732421875
3344,53,14,-234.9499969482422,140.44000244140625,278.7900085449219
3345,53,15,-234.9499969482422,140.44000244140625,261.7699890136719
3346,53,16,-234.9499969482422,140.44000244140625,244.75
3347,53,17,-234.9499969482422,140.44000244140625,227.72999572753906
3348,53,18,-234.9499969482422,140.44000244140625,210.7100067138672
3349,53,19,-234.9499969482422,140.44000244140625,193.69000244140625
3350,53,20,-234.9499969482422,140.44000244140625,176.6699981689453
3351,53,21,-234.9499969482422,140.44000244140625,159.64999389648438
3352,53,22,-234.9499969482422,140.44000244140625,142.6300048828125
3353,53,23,-234.9499969482422,140.44000244140625,125.61000061035156
3354,53,24,-234.9499969482422,140.44000244140625,108.58999633789062
3355,53,25,-234.9499969482422,140.44000244140625,91.56999969482422
3356,53,26,-234.9499969482422,140.44000244140625,74.55000305175781
3357,53,27,-234.9499969482422,140.44000244140625,57.529998779296875
3358,53,28,-234.9499969482422,140.44000244140625,40.5
3359,53,29,-234.9499969482422,140.44000244140625,23.479999542236328
3360,53,30,-234.9499969482422,140.44000244140625,6.460000038146973
3361,53,31,-234.9499969482422,140.44000244140625,-10.5600004196167
3362,53,32,-234.9499969482422,140.44000244140625,-27.579999923706055
3363,53,33,-234.9499969482422,140.44000244140625,-44.599998474121094
3364,53,34,-234.9499969482422,140.44000244140625,-61.619998931884766
3365,53,35,-234.9499969482422,140.44000244140625,-78.63999938964844
3366,53,36,-234.9499969482422,140.44000244140625,-95.66000366210938
3367,53,37,-234.9499969482422,140.44000244140625,-112.68000030517578
3368,53,38,-234.9499969482422,140.44000244140625,-129.6999969482422
3369,53,39,-234.9499969482422,140.44000244140625,-146.72000122070312
3370,53,40,-234.9499969482422,140.44000244140625,-163.74000549316406
3371,53,41,-234.9499969482422,140.44000244140625,-180.77000427246094
3372,53,42,-234.9499969482422,140.44000244140625,-197.7899932861328
3373,53,43,-234.9499969482422,140.44000244140625,-214.80999755859375
3374,53,44,-234.9499969482422,140.44000244140625,-231.8300018310547
3375,53,45,-234.9499969482422,140.44000244140625,-248.85000610351562
3376,53,46,-234.9499969482422,140.44000244140625,-265.8699951171875
3377,53,47,-234.9499969482422,140.44000244140625,-282.8900146484375
3378,53,48,-234.9499969482422,140.44000244140625,-299.9100036621094
3379,53,49,-234.9499969482422,140.44000244140625,-316.92999267578125
3380,53,50,-234.9499969482422,140.44000244140625,-333.95001220703125
3381,53,51,-234.9499969482422,140.44000244140625,-350.9700012207031
3382,53,52,-234.9499969482422,140.44000244140625,-367.989990234375
3383,53,53,-234.9499969482422,140.44000244140625,-385.010009765625
3384,53,54,-234.9499969482422,140.44000244140625,-402.0400085449219
3385,53,55,-234.9499969482422,140.44000244140625,-419.05999755859375
3386,53,56,-234.9499969482422,140.44000244140625,-436.0799865722656
3387,53,57,-234.9499969482422,140.44000244140625,-453.1000061035156
3388,53,58,-234.9499969482422,140.44000244140625,-470.1199951171875
3389,53,59,-234.9499969482422,140.44000244140625,-487.1400146484375
3390,53,60,-234.9499969482422,140.44000244140625,-504.1600036621094
3391,53,61,-209.80999755859375,138.88999938964844,1945.56005859375
3392,53,62,-210.3800048828125,139.00999450683594,1945.56005859375
3393,53,63,-211.8300018310547,129.75999450683594,1945.6300048828125
3394,53,64,-212.39999389648438,129.8699951171875,1945.6300048828125
3395,54,1,-111.51000213623047,159.97999572753906,500.5299987792969
3396,54,2,-111.51000213623047,159.97999572753906,483.510009765625
3397,54,3,-111.51000213623047,159.97999572753906,466.489990234375
3398,54,4,-111.51000213623047,159.97999572753906,449.4700012207031
3399,54,5,-111.51000213623047,159.97999572753906,432.45001220703125
3400,54,6,-111.51000213623047,159.97999572753906,415.42999267578125
3401,54,7,-111.51000213623047,159.97999572753906,398.4100036621094
3402,54,8,-111.51000213623047,159.97999572753906,381.3900146484375
3403,54,9,-111.51000213623047,159.97999572753906,364.3699951171875
3404,54,10,-111.51000213623047,159.97999572753906,347.3500061035156
3405,54,11,-111.51000213623047,159.97999572753906,330.3299865722656
3406,54,12,-111.51000213623047,159.97999572753906,313.30999755859375
3407,54,13,-111.51000213623047,159.97999572753906,296.2900085449219
3408,54,14,-111.51000213623047,159.97999572753906,279.260009765625
3409,54,15,-111.51000213623047,159.97999572753906,262.239990234375
3410,54,16,-111.51000213623047,159.97999572753906,245.22000122070312
3411,54,17,-111.51000213623047,159.97999572753906,228.1999969482422
3412,54,18,-111.51000213623047,159.97999572753906,211.17999267578125
3413,54,19,-111.51000213623047,159.97999572753906,194.16000366210938
3414,54,20,-111.51000213623047,159.97999572753906,177.13999938964844
3415,54,21,-111.51000213623047,159.97999572753906,160.1199951171875
3416,54,22,-111.51000213623047,159.97999572753906,143.10000610351562
3417,54,23,-111.51000213623047,159.97999572753906,126.08000183105469
3418,54,24,-111.51000213623047,159.97999572753906,109.05999755859375
3419,54,25,-111.51000213623047,159.97999572753906,92.04000091552734
3420,54,26,-111.51000213623047,159.97999572753906,75.0199966430664
3421,54,27,-111.51000213623047,159.97999572753906,58.0
3422,54,28,-111.51000213623047,159.97999572753906,40.970001220703125
3423,54,29,-111.51000213623047,159.97999572753906,23.950000762939453
3424,54,30,-111.51000213623047,159.97999572753906,6.929999828338623
3425,54,31,-111.51000213623047,159.97999572753906,-10.09000015258789
3426,54,32,-111.51000213623047,159.97999572753906,-27.110000610351562
3427,54,33,-111.51000213623047,159.97999572753906,-44.130001068115234
3428,54,34,-111.51000213623047,159.97999572753906,-61.150001525878906
3429,54,35,-111.51000213623047,159.97999572753906,-78.16999816894531
3430,54,36,-111.51000213623047,159.97999572753906,-95.19000244140625
3431,54,37,-111.51000213623047,159.97999572753906,-112.20999908447266
3432,54,38,-111.51000213623047,159.97999572753906,-129.22999572753906
3433,54,39,-111.51000213623047,159.97999572753906,-146.25
3434,54,40,-111.51000213623047,159.97999572753906,-163.27000427246094
3435,54,41,-111.51000213623047,159.97999572753906,-180.3000030517578
3436,54,42,-111.51000213623047,159.97999572753906,-197.32000732421875
3437,54,43,-111.51000213623047,159.97999572753906,-214.33999633789062
3438,54,44,-111.51000213623047,159.97999572753906,-231.36000061035156
3439,54,45,-111.51000213623047,159.97999572753906,-248.3800048828125
3440,54,46,-111.51000213623047,159.97999572753906,-265.3999938964844
3441,54,47,-111.51000213623047,159.97999572753906,-282.4200134277344
3442,54,48,-111.51000213623047,159.97999572753906,-299.44000244140625
3443,54,49,-111.51000213623047,159.97999572753906,-316.4599914550781
3444,54,50,-111.51000213623047,159.97999572753906,-333.4800109863281
3445,54,51,-111.51000213623047,159.97999572753906,-350.5
3446,54,52,-111.51000213623047,159.97999572753906,-367.5199890136719
3447,54,53,-111.51000213623047,159.97999572753906,-384.5400085449219
3448,54,54,-111.51000213623047,159.97999572753906,-401.57000732421875
3449,54,55,-111.51000213623047,159.97999572753906,-418.5899963378906
3450,54,56,-111.51000213623047,159.97999572753906,-435.6099853515625
3451,54,57,-111.51000213623047,159.97999572753906,-452.6300048828125
3452,54,58,-111.51000213623047,159.97999572753906,-469.6499938964844
3453,54,59,-111.51000213623047,159.97999572753906,-486.6700134277344
3454,54,60,-111.51000213623047,159.97999572753906,-503.69000244140625
3455,54,61,-121.93000030517578,136.3000030517578,1945.449951171875
3456,54,62,-121.58999633789062,136.77000427246094,1945.449951171875
3457,54,63,-129.5800018310547,142.24000549316406,1945.4300537109375
3458,54,64,-129.22999572753906,142.6999969482422,1945.4300537109375
3459,55,1,11.869999885559082,179.19000244140625,502.3399963378906
3460,55,2,11.869999885559082,179.19000244140625,485.32000732421875
3461,55,3,11.869999885559082,179.19000244140625,468.29998779296875
3462,55,4,11.869999885559082,179.19000244140625,451.2799987792969
3463,55,5,11.869999885559082,179.19000244140625,434.260009765625
3464,55,6,11.869999885559082,179.19000244140625,417.239990234375
3465,55,7,11.869999885559082,179.19000244140625,400.2200012207031
3466,55,8,11.869999885559082,179.19000244140625,383.20001220703125
3467,55,9,11.869999885559082,179.19000244140625,366.17999267578125
3468,55,10,11.869999885559082,179.19000244140625,349.1600036621094
3469,55,11,11.869999885559082,179.19000244140625,332.1400146484375
3470,55,12,11.869999885559082,179.19000244140625,315.1199951171875
3471,55,13,11.869999885559082,179.19000244140625,298.1000061035156
3472,55,14,11.869999885559082,179.19000244140625,281.07000732421875
3473,55,15,11.869999885559082,179.19000244140625,264.04998779296875
3474,55,16,11.869999885559082,179.19000244140625,247.02999877929688
3475,55,17,11.869999885559082,179.19000244140625,230.00999450683594
3476,55,18,11.869999885559082,179.19000244140625,212.99000549316406
3477,55,19,11.869999885559082,179.19000244140625,195.97000122070312
3478,55,20,11.869999885559082,179.19000244140625,178.9499969482422
3479,55,21,11.869999885559082,179.19000244140625,161.92999267578125
3480,55,22,11.869999885559082,179.19000244140625,144.91000366210938
3481,55,23,11.869999885559082,179.19000244140625,127.88999938964844
3482,55,24,11.869999885559082,179.19000244140625,110.87000274658203
3483,55,25,11.869999885559082,179.19000244140625,93.8499984741211
3484,55,26,11.869999885559082,179.19000244140625,76.83000183105469
3485,55,27,11.869999885559082,179.19000244140625,59.79999923706055
3486,55,28,11.869999885559082,179.19000244140625,42.779998779296875
3487,55,29,11.869999885559082,179.19000244140625,25.760000228881836
3488,55,30,11.869999885559082,179.19000244140625,8.739999771118164
3489,55,31,11.869999885559082,179.19000244140625,-8.279999732971191
3490,55,32,11.869999885559082,179.19000244140625,-25.299999237060547
3491,55,33,11.869999885559082,179.19000244140625,-42.31999969482422
3492,55,34,11.869999885559082,179.19000244140625,-59.34000015258789
3493,55,35,11.869999885559082,179.19000244140625,-76.36000061035156
3494,55,36,11.869999885559082,179.19000244140625,-93.37999725341797
3495,55,37,11.869999885559082,179.19000244140625,-110.4000015258789
3496,55,38,11.869999885559082,179.19000244140625,-127.41999816894531
3497,55,39,11.869999885559082,179.19000244140625,-144.44000244140625
3498,55,40,11.869999885559082,179.19000244140625,-161.47000122070312
3499,55,41,11.869999885559082,179.19000244140625,-178.49000549316406
3500,55,42,11.869999885559082,179.19000244140625,-195.50999450683594
3501,55,43,11.869999885559082,179.19000244140625,-212.52999877929688
3502,55,44,11.869999885559082,179.19000244140625,-229.5500030517578
3503,55,45,11.869999885559082,179.19000244140625,-246.57000732421875
3504,55,46,11.869999885559082,179.19000244140625,-263.5899963378906
3505,55,47,11.869999885559082,179.19000244140625,-280.6099853515625
3506,55,48,11.869999885559082,179.19000244140625,-297.6300048828125
3507,55,49,11.869999885559082,179.19000244140625,-314.6499938964844
3508,55,50,11.869999885559082,179.19000244140625,-331.6700134277344
3509,55,51,11.869999885559082,179.19000244140625,-348.69000244140625
3510,55,52,11.869999885559082,179.19000244140625,-365.7099914550781
3511,55,53,11.869999885559082,179.19000244140625,-382.739990234375
3512,55,54,11.869999885559082,179.19000244140625,-399.760009765625
3513,55,55,11.869999885559082,179.19000244140625,-416.7799987792969
3514,55,56,11.869999885559082,179.19000244140625,-433.79998779296875
3515,55,57,11.869999885559082,179.19000244140625,-450.32000732421875
3516,55,58,11.869999885559082,179.19000244140625,-467.3399963378906
3517,55,59,11.869999885559082,179.19000244140625,-484.3599853515625
3518,55,60,11.869999885559082,179.19000244140625,-501.5799865722656
3519,55,61,21.280000686645508,155.3800048828125,1946.3199462890625
3520,55,62,21.190000534057617,155.9499969482422,1946.3199462890625
3521,55,63,11.350000381469727,153.44000244140625,1946.3599853515625
3522,55,64,11.270000457763672,154.00999450683594,1946.3599853515625
3523,56,1,132.02999877929688,202.97999572753906,502.739990234375
3524,56,2,132.02999877929688,202.97999572753906,485.7200012207031
3525,56,3,132.02999877929688,202.97999572753906,468.69000244140625
3526,56,4,132.02999877929688,202.97999572753906,451.6700134277344
3527,56,5,132.02999877929688,202.97999572753906,434.6499938964844
3528,56,6,132.02999877929688,202.97999572753906,417.6300048828125
3529,56,7,132.02999877929688,202.97999572753906,400.6099853515625
3530,56,8,132.02999877929688,202.97999572753906,383.5899963378906
3531,56,9,132.02999877929688,202.97999572753906,366.57000732421875
3532,56,10,132.02999877929688,202.97999572753906,349.54998779296875
3533,56,11,132.02999877929688,202.97999572753906,332.5299987792969
3534,56,12,132.02999877929688,202.97999572753906,315.510009765625
3535,56,13,132.02999877929688,202.97999572753906,298.489990234375
3536,56,14,132.02999877929688,202.97999572753906,281.4700012207031
3537,56,15,132.02999877929688,202.97999572753906,264.45001220703125
3538,56,16,132.02999877929688,202.97999572753906,247.4199981689453
3539,56,17,132.02999877929688,202.97999572753906,230.39999389648438
3540,56,18,132.02999877929688,202.97999572753906,213.3800048828125
3541,56,19,132.02999877929688,202.97999572753906,196.36000061035156
3542,56,20,132.02999877929688,202.97999572753906,179.33999633789062
3543,56,21,132.02999877929688,202.97999572753906,162.32000732421875
3544,56,22,132.02999877929688,202.97999572753906,145.3000030517578
3545,56,23,132.02999877929688,202.97999572753906,128.27999877929688
3546,56,24,132.02999877929688,202.97999572753906,111.26000213623047
3547,56,25,132.02999877929688,202.97999572753906,94.23999786376953
3548,56,26,132.02999877929688,202.97999572753906,77.22000122070312
3549,56,27,132.02999877929688,202.97999572753906,60.20000076293945
3550,56,28,132.02999877929688,202.97999572753906,43.18000030517578
3551,56,29,132.02999877929688,202.97999572753906,26.149999618530273
3552,56,30,132.02999877929688,202.97999572753906,9.130000114440918
3553,56,31,132.02999877929688,202.97999572753906,-7.889999866485596
3554,56,32,132.02999877929688,202.97999572753906,-24.90999984741211
3555,56,33,132.02999877929688,202.97999572753906,-41.93000030517578
3556,56,34,132.02999877929688,202.97999572753906,-58.95000076293945
3557,56,35,132.02999877929688,202.97999572753906,-75.97000122070312
3558,56,36,132.02999877929688,202.97999572753906,-92.98999786376953
3559,56,37,132.02999877929688,202.97999572753906,-110.01000213623047
3560,56,38,132.02999877929688,202.97999572753906,-127.02999877929688
3561,56,39,132.02999877929688,202.97999572753906,-144.0500030517578
3562,56,40,132.02999877929688,202.97999572753906,-161.07000732421875
3563,56,41,132.02999877929688,202.97999572753906,-178.08999633789062
3564,56,42,132.02999877929688,202.97999572753906,-195.1199951171875
3565,56,43,132.02999877929688,202.97999572753906,-212.13999938964844
3566,56,44,132.02999877929688,202.97999572753906,-229.16000366210938
3567,56,45,132.02999877929688,202.97999572753906,-246.17999267578125
3568,56,46,132.02999877929688,202.97999572753906,-263.20001220703125
3569,56,47,132.02999877929688,202.97999572753906,-280.2200012207031
3570,56,48,132.02999877929688,202.97999572753906,-297.239990234375
3571,56,49,132.02999877929688,202.97999572753906,-314.260009765625
3572,56,50,132.02999877929688,202.97999572753906,-331.2799987792969
3573,56,51,132.02999877929688,202.97999572753906,-348.29998779296875
3574,56,52,132.02999877929688,202.97999572753906,-365.32000732421875
3575,56,53,132.02999877929688,202.97999572753906,-382.3399963378906
3576,56,54,132.02999877929688,202.97999572753906,-399.3599853515625
3577,56,55,132.02999877929688,202.97999572753906,-416.3900146484375
3578,56,56,132.02999877929688,202.97999572753906,-433.4100036621094
3579,56,57,132.02999877929688,202.97999572753906,-450.42999267578125
3580,56,58,132.02999877929688,202.97999572753906,-467.45001220703125
3581,56,59,132.02999877929688,202.97999572753906,-484.4700012207031
3582,56,60,132.02999877929688,202.97999572753906,-502.3900146484375
3583,56,61,132.99000549316406,174.42999267578125,1947.3599853515625
3584,56,62,133.13999938964844,174.99000549316406,1947.3599853515625
3585,56,63,123.91000366210938,176.94000244140625,1947.31005859375
3586,56,64,124.06999969482422,177.49000549316406,1947.31005859375
3587,57,1,257.30999755859375,211.66000366210938,504.42999267578125
3588,57,2,257.30999755859375,211.66000366210938,487.3999938964844
3589,57,3,257.30999755859375,211.66000366210938,470.3800048828125
3590,57,4,257.30999755859375,211.66000366210938,453.3599853515625
3591,57,5,257.30999755859375,211.66000366210938,436.3399963378906
3592,57,6,257.30999755859375,211.66000366210938,419.32000732421875
3593,57,7,257.30999755859375,211.66000366210938,402.29998779296875
3594,57,8,257.30999755859375,211.66000366210938,385.2799987792969
3595,57,9,257.30999755859375,211.66000366210938,368.260009765625
3596,57,10,257.30999755859375,211.66000366210938,351.239990234375
3597,57,11,257.30999755859375,211.66000366210938,334.2200012207031
3598,57,12,257.30999755859375,211.66000366210938,317.20001220703125
3599,57,13,257.30999755859375,211.66000366210938,300.17999267578125
3600,57,14,257.30999755859375,211.66000366210938,283.1600036621094
3601,57,15,257.30999755859375,211.66000366210938,266.1300048828125
3602,57,16,257.30999755859375,211.66000366210938,249.11000061035156
3603,57,17,257.30999755859375,211.66000366210938,232.08999633789062
3604,57,18,257.30999755859375,211.66000366210938,215.07000732421875
3605,57,19,257.30999755859375,211.66000366210938,198.0500030517578
3606,57,20,257.30999755859375,211.66000366210938,181.02999877929688
3607,57,21,257.30999755859375,211.66000366210938,164.00999450683594
3608,57,22,257.30999755859375,211.66000366210938,146.99000549316406
3609,57,23,257.30999755859375,211.66000366210938,129.97000122070312
3610,57,24,257.30999755859375,211.66000366210938,112.94999694824219
3611,57,25,257.30999755859375,211.66000366210938,95.93000030517578
3612,57,26,257.30999755859375,211.66000366210938,78.91000366210938
3613,57,27,257.30999755859375,211.66000366210938,61.88999938964844
3614,57,28,257.30999755859375,211.66000366210938,44.86000061035156
3615,57,29,257.30999755859375,211.66000366210938,27.84000015258789
3616,57,30,257.30999755859375,211.66000366210938,10.819999694824219
3617,57,31,257.30999755859375,211.66000366210938,-6.199999809265137
3618,57,32,257.30999755859375,211.66000366210938,-23.219999313354492
3619,57,33,257.30999755859375,211.66000366210938,-40.2400016784668
3620,57,34,257.30999755859375,211.66000366210938,-57.2599983215332
3621,57,35,257.30999755859375,211.66000366210938,-74.27999877929688
3622,57,36,257.30999755859375,211.66000366210938,-91.30000305175781
3623,57,37,257.30999755859375,211.66000366210938,-108.31999969482422
3624,57,38,257.30999755859375,211.66000366210938,-125.33999633789062
3625,57,39,257.30999755859375,211.66000366210938,-142.36000061035156
3626,57,40,257.30999755859375,211.66000366210938,-159.3800048828125
3627,57,41,257.30999755859375,211.66000366210938,-176.41000366210938
3628,57,42,257.30999755859375,211.66000366210938,-193.42999267578125
3629,57,43,257.30999755859375,211.66000366210938,-210.4499969482422
3630,57,44,257.30999755859375,211.66000366210938,-227.47000122070312
3631,57,45,257.30999755859375,211.66000366210938,-244.49000549316406
3632,57,46,257.30999755859375,211.66000366210938,-261.510009765625
3633,57,47,257.30999755859375,211.66000366210938,-278.5299987792969
3634,57,48,257.30999755859375,211.66000366210938,-295.54998779296875
3635,57,49,257.30999755859375,211.66000366210938,-312.57000732421875
3636,57,50,257.30999755859375,211.66000366210938,-329.5899963378906
3637,57,51,257.30999755859375,211.66000366210938,-346.6099853515625
3638,57,52,257.30999755859375,211.66000366210938,-363.6300048828125
3639,57,53,257.30999755859375,211.66000366210938,-380.6499938964844
3640,57,54,257.30999755859375,211.66000366210938,-397.6700134277344
3641,57,55,257.30999755859375,211.66000366210938,-414.70001220703125
3642,57,56,257.30999755859375,211.66000366210938,-431.7200012207031
3643,57,57,257.30999755859375,211.66000366210938,-448.739990234375
3644,57,58,257.30999755859375,211.66000366210938,-465.760009765625
3645,57,59,257.30999755859375,211.66000366210938,-482.7799987792969
3646,57,60,257.30999755859375,211.66000366210938,-500.20001220703125
3647,57,61,248.55999755859375,194.33999633789062,1949.6600341796875
3648,57,62,248.92999267578125,194.77999877929688,1949.6600341796875
3649,57,63,241.0,200.4499969482422,1949.5699462890625
3650,57,64,241.39999389648438,200.86000061035156,1949.5699462890625
3651,58,1,382.3500061035156,238.89999389648438,498.5400085449219
3652,58,2,382.3500061035156,238.89999389648438,481.5199890136719
3653,58,3,382.3500061035156,238.89999389648438,464.5
3654,58,4,382.3500061035156,238.89999389648438,447.4800109863281
3655,58,5,382.3500061035156,238.89999389648438,430.4599914550781
3656,58,6,382.3500061035156,238.89999389648438,413.44000244140625
3657,58,7,382.3500061035156,238.89999389648438,396.4200134277344
3658,58,8,382.3500061035156,238.89999389648438,379.3999938964844
3659,58,9,382.3500061035156,238.89999389648438,362.3800048828125
3660,58,10,382.3500061035156,238.89999389648438,345.3599853515625
3661,58,11,382.3500061035156,238.89999389648438,328.3399963378906
3662,58,12,382.3500061035156,238.89999389648438,311.32000732421875
3663,58,13,382.3500061035156,238.89999389648438,294.29998779296875
3664,58,14,382.3500061035156,238.89999389648438,277.2699890136719
3665,58,15,382.3500061035156,238.89999389648438,260.25
3666,58,16,382.3500061035156,238.89999389648438,243.22999572753906
3667,58,17,382.3500061035156,238.89999389648438,226.2100067138672
3668,58,18,382.3500061035156,238.89999389648438,209.19000244140625
3669,58,19,382.3500061035156,238.89999389648438,192.1699981689453
3670,58,20,382.3500061035156,238.89999389648438,175.14999389648438
3671,58,21,382.3500061035156,238.89999389648438,158.1300048828125
3672,58,22,382.3500061035156,238.89999389648438,141.11000061035156
3673,58,23,382.3500061035156,238.89999389648438,124.08999633789062
3674,58,24,382.3500061035156,238.89999389648438,107.06999969482422
3675,58,25,382.3500061035156,238.89999389648438,90.05000305175781
3676,58,26,382.3500061035156,238.89999389648438,73.02999877929688
3677,58,27,382.3500061035156,238.89999389648438,56.0099983215332
3678,58,28,382.3500061035156,238.89999389648438,38.97999954223633
3679,58,29,382.3500061035156,238.89999389648438,21.959999084472656
3680,58,30,382.3500061035156,238.89999389648438,4.940000057220459
3681,58,31,382.3500061035156,238.89999389648438,-12.079999923706055
3682,58,32,382.3500061035156,238.89999389648438,-29.100000381469727
3683,58,33,382.3500061035156,238.89999389648438,-46.119998931884766
3684,58,34,382.3500061035156,238.89999389648438,-63.13999938964844
3685,58,35,382.3500061035156,238.89999389648438,-80.16000366210938
3686,58,36,382.3500061035156,238.89999389648438,-97.18000030517578
3687,58,37,382.3500061035156,238.89999389648438,-114.19999694824219
3688,58,38,382.3500061035156,238.89999389648438,-131.22000122070312
3689,58,39,382.3500061035156,238.89999389648438,-148.24000549316406
3690,58,40,382.3500061035156,238.89999389648438,-165.25999450683594
3691,58,41,382.3500061035156,238.89999389648438,-182.2899932861328
3692,58,42,382.3500061035156,238.89999389648438,-199.30999755859375
3693,58,43,382.3500061035156,238.89999389648438,-216.3300018310547
3694,58,44,382.3500061035156,238.89999389648438,-233.35000610351562
3695,58,45,382.3500061035156,238.89999389648438,-250.3699951171875
3696,58,46,382.3500061035156,238.89999389648438,-267.3900146484375
3697,58,47,382.3500061035156,238.89999389648438,-284.4100036621094
3698,58,48,382.3500061035156,238.89999389648438,-301.42999267578125
3699,58,49,382.3500061035156,238.89999389648438,-318.45001220703125
3700,58,50,382.3500061035156,238.89999389648438,-335.4700012207031
3701,58,51,382.3500061035156,238.89999389648438,-352.489990234375
3702,58,52,382.3500061035156,238.89999389648438,-369.510009765625
3703,58,53,382.3500061035156,238.89999389648438,-386.5299987792969
3704,58,54,382.3500061035156,238.89999389648438,-403.55999755859375
3705,58,55,382.3500061035156,238.89999389648438,-420.5799865722656
3706,58,56,382.3500061035156,238.89999389648438,-437.6000061035156
3707,58,57,382.3500061035156,238.89999389648438,-454.6199951171875
3708,58,58,382.3500061035156,238.89999389648438,-471.6400146484375
3709,58,59,382.3500061035156,238.89999389648438,-488.6600036621094
3710,58,60,382.3500061035156,238.89999389648438,-505.67999267578125
3711,58,61,400.6400146484375,220.2899932861328,1949.760009765625
3712,58,62,400.3299865722656,220.75999450683594,1949.760009765625
3713,58,63,393.0899963378906,215.0500030517578,1949.75
3714,58,64,392.75,215.50999450683594,1949.75
3715,59,1,505.2699890136719,257.8800048828125,506.2300109863281
3716,59,2,505.2699890136719,257.8800048828125,489.2099914550781
3717,59,3,505.2699890136719,257.8800048828125,472.19000244140625
3718,59,4,505.2699890136719,257.8800048828125,455.1700134277344
3719,59,5,505.2699890136719,257.8800048828125,438.1499938964844
3720,59,6,505.2699890136719,257.8800048828125,421.1300048828125
3721,59,7,505.2699890136719,257.8800048828125,404.1099853515625
3722,59,8,505.2699890136719,257.8800048828125,387.0899963378906
3723,59,9,505.2699890136719,257.8800048828125,370.07000732421875
3724,59,10,505.2699890136719,257.8800048828125,353.04998779296875
3725,59,11,505.2699890136719,257.8800048828125,336.0299987792969
3726,59,12,505.2699890136719,257.8800048828125,319.010009765625
3727,59,13,505.2699890136719,257.8800048828125,301.989990234375
3728,59,14,505.2699890136719,257.8800048828125,284.9599914550781
3729,59,15,505.2699890136719,257.8800048828125,267.94000244140625
3730,59,16,505.2699890136719,257.8800048828125,250.9199981689453
3731,59,17,505.2699890136719,257.8800048828125,233.89999389648438
3732,59,18,505.2699890136719,257.8800048828125,216.8800048828125
3733,59,19,505.2699890136719,257.8800048828125,199.86000061035156
3734,59,20,505.2699890136719,257.8800048828125,182.83999633789062
3735,59,21,505.2699890136719,257.8800048828125,165.82000732421875
3736,59,22,505.2699890136719,257.8800048828125,148.8000030517578
3737,59,23,505.2699890136719,257.8800048828125,131.77999877929688
3738,59,24,505.2699890136719,257.8800048828125,114.76000213623047
3739,59,25,505.2699890136719,257.8800048828125,97.73999786376953
3740,59,26,505.2699890136719,257.8800048828125,80.72000122070312
3741,59,27,505.2699890136719,257.8800048828125,63.70000076293945
3742,59,28,505.2699890136719,257.8800048828125,46.66999816894531
3743,59,29,505.2699890136719,257.8800048828125,29.649999618530273
3744,59,30,505.2699890136719,257.8800048828125,12.630000114440918
3745,59,31,505.2699890136719,257.8800048828125,-4.389999866485596
3746,59,32,505.2699890136719,257.8800048828125,-21.40999984741211
3747,59,33,505.2699890136719,257.8800048828125,-38.43000030517578
3748,59,34,505.2699890136719,257.8800048828125,-55.45000076293945
3749,59,35,505.2699890136719,257.8800048828125,-72.47000122070312
3750,59,36,505.2699890136719,257.8800048828125,-89.48999786376953
3751,59,37,505.2699890136719,257.8800048828125,-106.51000213623047
3752,59,38,505.2699890136719,257.8800048828125,-123.52999877929688
3753,59,39,505.2699890136719,257.8800048828125,-140.5500030517578
3754,59,40,505.2699890136719,257.8800048828125,-157.57000732421875
3755,59,41,505.2699890136719,257.8800048828125,-174.60000610351562
3756,59,42,505.2699890136719,257.8800048828125,-191.6199951171875
3757,59,43,505.2699890136719,257.8800048828125,-208.63999938964844
3758,59,44,505.2699890136719,257.8800048828125,-225.66000366210938
3759,59,45,505.2699890136719,257.8800048828125,-242.67999267578125
3760,59,46,505.2699890136719,257.8800048828125,-259.70001220703125
3761,59,47,505.2699890136719,257.8800048828125,-276.7200012207031
3762,59,48,505.2699890136719,257.8800048828125,-293.739990234375
3763,59,49,505.2699890136719,257.8800048828125,-310.760009765625
3764,59,50,505.2699890136719,257.8800048828125,-327.7799987792969
3765,59,51,505.2699890136719,257.8800048828125,-344.79998779296875
3766,59,52,505.2699890136719,257.8800048828125,-361.82000732421875
3767,59,53,505.2699890136719,257.8800048828125,-378.8399963378906
3768,59,54,505.2699890136719,257.8800048828125,-395.8699951171875
3769,59,55,505.2699890136719,257.8800048828125,-412.8900146484375
3770,59,56,505.2699890136719,257.8800048828125,-429.9100036621094
3771,59,57,505.2699890136719,257.8800048828125,-446.92999267578125
3772,59,58,505.2699890136719,257.8800048828125,-463.95001220703125
3773,59,59,505.2699890136719,257.8800048828125,-480.9700012207031
3774,59,60,505.2699890136719,257.8800048828125,-497.989990234375
3775,59,61,525.4199829101562,241.33999633789062,1949.77001953125
3776,59,62,525.0700073242188,241.7899932861328,1949.77001953125
3777,59,63,517.8099975585938,235.1999969482422,1949.56005859375
3778,59,64,517.4500122070312,235.63999938964844,1949.56005859375
3779,60,1,-437.0400085449219,217.8000030517578,501.4700012207031
3780,60,2,-437.0400085449219,217.8000030517578,484.44000244140625
3781,60,3,-437.0400085449219,217.8000030517578,467.7699890136719
3782,60,4,-437.0400085449219,217.8000030517578,450.3999938964844
3783,60,5,-437.0400085449219,217.8000030517578,433.3800048828125
3784,60,6,-437.0400085449219,217.8000030517578,416.3599853515625
3785,60,7,-437.0400085449219,217.8000030517578,399.3399963378906
3786,60,8,-437.0400085449219,217.8000030517578,382.32000732421875
3787,60,9,-437.0400085449219,217.8000030517578,365.29998779296875
3788,60,10,-437.0400085449219,217.8000030517578,348.2799987792969
3789,60,11,-437.0400085449219,217.8000030517578,331.260009765625
3790,60,12,-437.0400085449219,217.8000030517578,314.239990234375
3791,60,13,-437.0400085449219,217.8000030517578,297.2200012207031
3792,60,14,-437.0400085449219,217.8000030517578,280.20001220703125
3793,60,15,-437.0400085449219,217.8000030517578,263.17999267578125
3794,60,16,-437.0400085449219,217.8000030517578,246.14999389648438
3795,60,17,-437.0400085449219,217.8000030517578,229.1300048828125
3796,60,18,-437.0400085449219,217.8000030517578,212.11000061035156
3797,60,19,-437.0400085449219,217.8000030517578,195.08999633789062
3798,60,20,-437.0400085449219,217.8000030517578,178.07000732421875
3799,60,21,-437.0400085449219,217.8000030517578,161.0500030517578
3800,60,22,-437.0400085449219,217.8000030517578,144.02999877929688
3801,60,23,-437.0400085449219,217.8000030517578,127.01000213623047
3802,60,24,-437.0400085449219,217.8000030517578,109.98999786376953
3803,60,25,-437.0400085449219,217.8000030517578,92.97000122070312
3804,60,26,-437.0400085449219,217.8000030517578,75.94999694824219
3805,60,27,-437.0400085449219,217.8000030517578,58.93000030517578
3806,60,28,-437.0400085449219,217.8000030517578,41.90999984741211
3807,60,29,-437.0400085449219,217.8000030517578,24.8799991607666
3808,60,30,-437.0400085449219,217.8000030517578,7.860000133514404
3809,60,31,-437.0400085449219,217.8000030517578,-9.15999984741211
3810,60,32,-437.0400085449219,217.8000030517578,-26.18000030517578
3811,60,33,-437.0400085449219,217.8000030517578,-43.20000076293945
3812,60,34,-437.0400085449219,217.8000030517578,-60.220001220703125
3813,60,35,-437.0400085449219,217.8000030517578,-77.23999786376953
3814,60,36,-437.0400085449219,217.8000030517578,-94.26000213623047
3815,60,37,-437.0400085449219,217.8000030517578,-111.27999877929688
3816,60,38,-437.0400085449219,217.8000030517578,-128.3000030517578
3817,60,39,-437.0400085449219,217.8000030517578,-145.32000732421875
3818,60,40,-437.0400085449219,217.8000030517578,-162.33999633789062
3819,60,41,-437.0400085449219,217.8000030517578,-179.36000061035156
3820,60,42,-437.0400085449219,217.8000030517578,-196.38999938964844
3821,60,43,-437.0400085449219,217.8000030517578,-213.41000366210938
3822,60,44,-437.0400085449219,217.8000030517578,-230.42999267578125
3823,60,45,-437.0400085449219,217.8000030517578,-247.4499969482422
3824,60,46,-437.0400085449219,217.8000030517578,-264.4700012207031
3825,60,47,-437.0400085449219,217.8000030517578,-281.489990234375
3826,60,48,-437.0400085449219,217.8000030517578,-298.510009765625
3827,60,49,-437.0400085449219,217.8000030517578,-315.5299987792969
3828,60,50,-437.0400085449219,217.8000030517578,-332.54998779296875
3829,60,51,-437.0400085449219,217.8000030517578,-349.57000732421875
3830,60,52,-437.0400085449219,217.8000030517578,-366.5899963378906
3831,60,53,-437.0400085449219,217.8000030517578,-383.6099853515625
3832,60,54,-437.0400085449219,217.8000030517578,-400.6300048828125
3833,60,55,-437.0400085449219,217.8000030517578,-417.6600036621094
3834,60,56,-437.0400085449219,217.8000030517578,-434.67999267578125
3835,60,57,-437.0400085449219,217.8000030517578,-451.70001220703125
3836,60,58,-437.0400085449219,217.8000030517578,-468.7200012207031
3837,60,59,-437.0400085449219,217.8000030517578,-485.739990234375
3838,60,60,-437.0400085449219,217.8000030517578,-503.4599914550781
3839,60,61,-415.8800048828125,231.5399932861328,1945.5799560546875
3840,60,62,-416.4100036621094,231.3300018310547,1945.5799560546875
3841,60,63,-412.239990234375,222.39999389648438,1945.5899658203125
3842,60,64,-412.7699890136719,222.17999267578125,1945.5899658203125
3843,61,1,-313.6000061035156,237.44000244140625,501.19000244140625
3844,61,2,-313.6000061035156,237.44000244140625,484.1700134277344
3845,61,3,-313.6000061035156,237.44000244140625,467.1499938964844
3846,61,4,-313.6000061035156,237.44000244140625,450.1300048828125
3847,61,5,-313.6000061035156,237.44000244140625,433.1099853515625
3848,61,6,-313.6000061035156,237.44000244140625,416.0899963378906
3849,61,7,-313.6000061035156,237.44000244140625,399.07000732421875
3850,61,8,-313.6000061035156,237.44000244140625,382.04998779296875
3851,61,9,-313.6000061035156,237.44000244140625,365.0299987792969
3852,61,10,-313.6000061035156,237.44000244140625,348.010009765625
3853,61,11,-313.6000061035156,237.44000244140625,330.989990234375
3854,61,12,-313.6000061035156,237.44000244140625,313.9700012207031
3855,61,13,-313.6000061035156,237.44000244140625,296.95001220703125
3856,61,14,-313.6000061035156,237.44000244140625,279.9200134277344
3857,61,15,-313.6000061035156,237.44000244140625,262.8999938964844
3858,61,16,-313.6000061035156,237.44000244140625,245.8800048828125
3859,61,17,-313.6000061035156,237.44000244140625,228.86000061035156
3860,61,18,-313.6000061035156,237.44000244140625,211.83999633789062
3861,61,19,-313.6000061035156,237.44000244140625,194.82000732421875
3862,61,20,-313.6000061035156,237.44000244140625,177.8000030517578
3863,61,21,-313.6000061035156,237.44000244140625,160.77999877929688
3864,61,22,-313.6000061035156,237.44000244140625,143.75999450683594
3865,61,23,-313.6000061035156,237.44000244140625,126.73999786376953
3866,61,24,-313.6000061035156,237.44000244140625,109.72000122070312
3867,61,25,-313.6000061035156,237.44000244140625,92.69999694824219
3868,61,26,-313.6000061035156,237.44000244140625,75.68000030517578
3869,61,27,-313.6000061035156,237.44000244140625,58.65999984741211
3870,61,28,-313.6000061035156,237.44000244140625,41.630001068115234
3871,61,29,-313.6000061035156,237.44000244140625,24.610000610351562
3872,61,30,-313.6000061035156,237.44000244140625,7.590000152587891
3873,61,31,-313.6000061035156,237.44000244140625,-9.430000305175781
3874,61,32,-313.6000061035156,237.44000244140625,-26.450000762939453
3875,61,33,-313.6000061035156,237.44000244140625,-43.470001220703125
3876,61,34,-313.6000061035156,237.44000244140625,-60.4900016784668
3877,61,35,-313.6000061035156,237.44000244140625,-77.51000213623047
3878,61,36,-313.6000061035156,237.44000244140625,-94.52999877929688
3879,61,37,-313.6000061035156,237.44000244140625,-111.55000305175781
3880,61,38,-313.6000061035156,237.44000244140625,-128.57000732421875
3881,61,39,-313.6000061035156,237.44000244140625,-145.58999633789062
3882,61,40,-313.6000061035156,237.44000244140625,-162.61000061035156
3883,61,41,-313.6000061035156,237.44000244140625,-179.63999938964844
3884,61,42,-313.6000061035156,237.44000244140625,-196.66000366210938
3885,61,43,-313.6000061035156,237.44000244140625,-213.67999267578125
3886,61,44,-313.6000061035156,237.44000244140625,-230.6999969482422
3887,61,45,-313.6000061035156,237.44000244140625,-247.72000122070312
3888,61,46,-313.6000061035156,237.44000244140625,-264.739990234375
3889,61,47,-313.6000061035156,237.44000244140625,-281.760009765625
3890,61,48,-313.6000061035156,237.44000244140625,-298.7799987792969
3891,61,49,-313.6000061035156,237.44000244140625,-315.79998779296875
3892,61,50,-313.6000061035156,237.44000244140625,-332.82000732421875
3893,61,51,-313.6000061035156,237.44000244140625,-349.8399963378906
3894,61,52,-313.6000061035156,237.44000244140625,-366.8599853515625
3895,61,53,-313.6000061035156,237.44000244140625,-383.8800048828125
3896,61,54,-313.6000061035156,237.44000244140625,-400.9100036621094
3897,61,55,-313.6000061035156,237.44000244140625,-417.92999267578125
3898,61,56,-313.6000061035156,237.44000244140625,-434.95001220703125
3899,61,57,-313.6000061035156,237.44000244140625,-451.9700012207031
3900,61,58,-313.6000061035156,237.44000244140625,-468.989990234375
3901,61,59,-313.6000061035156,237.44000244140625,-486.010009765625
3902,61,60,-313.6000061035156,237.44000244140625,-503.0299987792969
3903,61,61,-288.4599914550781,232.6300048828125,1945.8900146484375
3904,61,62,-289.0,232.8300018310547,1945.8900146484375
3905,61,63,-292.1499938964844,223.89999389648438,1945.8699951171875
3906,61,64,-292.70001220703125,224.10000610351562,1945.8699951171875
3907,62,1,-189.97999572753906,257.4200134277344,501.3500061035156
3908,62,2,-189.97999572753906,257.4200134277344,484.3299865722656
3909,62,3,-189.97999572753906,257.4200134277344,467.30999755859375
3910,62,4,-189.97999572753906,257.4200134277344,450.2900085449219
3911,62,5,-189.97999572753906,257.4200134277344,433.2699890136719
3912,62,6,-189.97999572753906,257.4200134277344,416.45001220703125
3913,62,7,-189.97999572753906,257.4200134277344,399.2300109863281
3914,62,8,-189.97999572753906,257.4200134277344,382.4599914550781
3915,62,9,-189.97999572753906,257.4200134277344,365.19000244140625
3916,62,10,-189.97999572753906,257.4200134277344,348.1700134277344
3917,62,11,-189.97999572753906,257.4200134277344,331.1499938964844
3918,62,12,-189.97999572753906,257.4200134277344,314.1300048828125
3919,62,13,-189.97999572753906,257.4200134277344,297.1099853515625
3920,62,14,-189.97999572753906,257.4200134277344,280.0799865722656
3921,62,15,-189.97999572753906,257.4200134277344,263.05999755859375
3922,62,16,-189.97999572753906,257.4200134277344,246.24000549316406
3923,62,17,-189.97999572753906,257.4200134277344,229.02000427246094
3924,62,18,-189.97999572753906,257.4200134277344,212.1999969482422
3925,62,19,-189.97999572753906,257.4200134277344,194.97999572753906
3926,62,20,-189.97999572753906,257.4200134277344,178.2100067138672
3927,62,21,-189.97999572753906,257.4200134277344,160.94000244140625
3928,62,22,-189.97999572753906,257.4200134277344,143.9199981689453
3929,62,23,-189.97999572753906,257.4200134277344,126.9000015258789
3930,62,24,-189.97999572753906,257.4200134277344,109.87999725341797
3931,62,25,-189.97999572753906,257.4200134277344,92.86000061035156
3932,62,26,-189.97999572753906,257.4200134277344,75.83999633789062
3933,62,27,-189.97999572753906,257.4200134277344,58.81999969482422
3934,62,28,-189.97999572753906,257.4200134277344,41.790000915527344
3935,62,29,-189.97999572753906,257.4200134277344,24.770000457763672
3936,62,30,-189.97999572753906,257.4200134277344,7.75
3937,62,31,-189.97999572753906,257.4200134277344,-9.270000457763672
3938,62,32,-189.97999572753906,257.4200134277344,-26.290000915527344
3939,62,33,-189.97999572753906,257.4200134277344,-43.310001373291016
3940,62,34,-189.97999572753906,257.4200134277344,-60.33000183105469
3941,62,35,-189.97999572753906,257.4200134277344,-77.3499984741211
3942,62,36,-189.97999572753906,257.4200134277344,-94.37000274658203
3943,62,37,-189.97999572753906,257.4200134277344,-111.38999938964844
3944,62,38,-189.97999572753906,257.4200134277344,-128.41000366210938
3945,62,39,-189.97999572753906,257.4200134277344,-145.42999267578125
3946,62,40,-189.97999572753906,257.4200134277344,-162.1999969482422
3947,62,41,-189.97999572753906,257.4200134277344,-179.47999572753906
3948,62,42,-189.97999572753906,257.4200134277344,-196.5
3949,62,43,-189.97999572753906,257.4200134277344,-213.52000427246094
3950,62,44,-189.97999572753906,257.4200134277344,-230.5399932861328
3951,62,45,-189.97999572753906,257.4200134277344,-247.55999755859375
3952,62,46,-189.97999572753906,257.4200134277344,-264.5799865722656
3953,62,47,-189.97999572753906,257.4200134277344,-281.6000061035156
3954,62,48,-189.97999572753906,257.4200134277344,-298.6199951171875
3955,62,49,-189.97999572753906,257.4200134277344,-315.6400146484375
3956,62,50,-189.97999572753906,257.4200134277344,-332.6600036621094
3957,62,51,-189.97999572753906,257.4200134277344,-349.67999267578125
3958,62,52,-189.97999572753906,257.4200134277344,-366.70001220703125
3959,62,53,-189.97999572753906,257.4200134277344,-383.7200012207031
3960,62,54,-189.97999572753906,257.4200134277344,-400.75
3961,62,55,-189.97999572753906,257.4200134277344,-417.7699890136719
3962,62,56,-189.97999572753906,257.4200134277344,-434.7900085449219
3963,62,57,-189.97999572753906,257.4200134277344,-451.80999755859375
3964,62,58,-189.97999572753906,257.4200134277344,-468.8299865722656
3965,62,59,-189.97999572753906,257.4200134277344,-485.8500061035156
3966,62,60,-189.97999572753906,257.4200134277344,-502.8699951171875
3967,62,61,-201.8699951171875,234.75,1945.9599609375
3968,62,62,-201.50999450683594,235.2100067138672,1945.9599609375
3969,62,63,-209.3800048828125,240.97999572753906,1945.989990234375
3970,62,64,-209.00999450683594,241.42999267578125,1945.989990234375
3971,62,65,-201.74000549316406,234.9499969482422,1948.0999755859375
3972,62,66,-210.6199951171875,239.66000366210938,1948.0999755859375
3973,63,1,-66.69999694824219,276.9200134277344,497.82000732421875
3974,63,2,-66.69999694824219,276.9200134277344,480.79998779296875
3975,63,3,-66.69999694824219,276.9200134277344,463.7799987792969
3976,63,4,-66.69999694824219,276.9200134277344,446.760009765625
3977,63,5,-66.69999694824219,276.9200134277344,429.739990234375
3978,63,6,-66.69999694824219,276.9200134277344,412.7200012207031
3979,63,7,-66.69999694824219,276.9200134277344,395.70001220703125
3980,63,8,-66.69999694824219,276.9200134277344,378.67999267578125
3981,63,9,-66.69999694824219,276.9200134277344,361.6600036621094
3982,63,10,-66.69999694824219,276.9200134277344,344.6400146484375
3983,63,11,-66.69999694824219,276.9200134277344,327.6199951171875
3984,63,12,-66.69999694824219,276.9200134277344,310.6000061035156
3985,63,13,-66.69999694824219,276.9200134277344,293.5799865722656
3986,63,14,-66.69999694824219,276.9200134277344,276.54998779296875
3987,63,15,-66.69999694824219,276.9200134277344,259.5299987792969
3988,63,16,-66.69999694824219,276.9200134277344,242.50999450683594
3989,63,17,-66.69999694824219,276.9200134277344,225.49000549316406
3990,63,18,-66.69999694824219,276.9200134277344,208.47000122070312
3991,63,19,-66.69999694824219,276.9200134277344,191.4499969482422
3992,63,20,-66.69999694824219,276.9200134277344,174.42999267578125
3993,63,21,-66.69999694824219,276.9200134277344,157.41000366210938
3994,63,22,-66.69999694824219,276.9200134277344,140.38999938964844
3995,63,23,-66.69999694824219,276.9200134277344,123.37000274658203
3996,63,24,-66.69999694824219,276.9200134277344,106.3499984741211
3997,63,25,-66.69999694824219,276.9200134277344,89.33000183105469
3998,63,26,-66.69999694824219,276.9200134277344,72.30999755859375
3999,63,27,-66.69999694824219,276.9200134277344,55.290000915527344
4000,63,28,-66.69999694824219,276.9200134277344,38.2599983215332
4001,63,29,-66.69999694824219,276.9200134277344,21.239999771118164
4002,63,30,-66.69999694824219,276.9200134277344,4.21999979019165
4003,63,31,-66.69999694824219,276.9200134277344,-12.800000190734863
4004,63,32,-66.69999694824219,276.9200134277344,-29.81999969482422
4005,63,33,-66.69999694824219,276.9200134277344,-46.84000015258789
4006,63,34,-66.69999694824219,276.9200134277344,-63.86000061035156
4007,63,35,-66.69999694824219,276.9200134277344,-80.87999725341797
4008,63,36,-66.69999694824219,276.9200134277344,-97.9000015258789
4009,63,37,-66.69999694824219,276.9200134277344,-114.91999816894531
4010,63,38,-66.69999694824219,276.9200134277344,-131.94000244140625
4011,63,39,-66.69999694824219,276.9200134277344,-148.9600067138672
4012,63,40,-66.69999694824219,276.9200134277344,-165.97999572753906
4013,63,41,-66.69999694824219,276.9200134277344,-183.00999450683594
4014,63,42,-66.69999694824219,276.9200134277344,-200.02999877929688
4015,63,43,-66.69999694824219,276.9200134277344,-217.0500030517578
4016,63,44,-66.69999694824219,276.9200134277344,-234.07000732421875
4017,63,45,-66.69999694824219,276.9200134277344,-251.08999633789062
4018,63,46,-66.69999694824219,276.9200134277344,-268.1099853515625
4019,63,47,-66.69999694824219,276.9200134277344,-285.1300048828125
4020,63,48,-66.69999694824219,276.9200134277344,-302.1499938964844
4021,63,49,-66.69999694824219,276.9200134277344,-319.1700134277344
4022,63,50,-66.69999694824219,276.9200134277344,-336.19000244140625
4023,63,51,-66.69999694824219,276.9200134277344,-353.2099914550781
4024,63,52,-66.69999694824219,276.9200134277344,-370.2300109863281
4025,63,53,-66.69999694824219,276.9200134277344,-387.25
4026,63,54,-66.69999694824219,276.9200134277344,-404.2799987792969
4027,63,55,-66.69999694824219,276.9200134277344,-421.29998779296875
4028,63,56,-66.69999694824219,276.9200134277344,-438.32000732421875
4029,63,57,-66.69999694824219,276.9200134277344,-455.3399963378906
4030,63,58,-66.69999694824219,276.9200134277344,-472.3599853515625
4031,63,59,-66.69999694824219,276.9200134277344,-489.3800048828125
4032,63,60,-66.69999694824219,276.9200134277344,-506.3999938964844
4033,63,61,-53.2400016784668,255.47000122070312,1946.52001953125
4034,63,62,-53.470001220703125,256.0,1946.52001953125
4035,63,63,-61.43000030517578,252.27999877929688,1946.449951171875
4036,63,64,-61.63999938964844,252.82000732421875,1946.449951171875
4037,64,1,54.2599983215332,292.9700012207031,524.5599975585938
4038,64,2,54.2599983215332,292.9700012207031,507.5299987792969
4039,64,3,54.2599983215332,292.9700012207031,490.510009765625
4040,64,4,54.2599983215332,292.9700012207031,473.489990234375
4041,64,5,54.2599983215332,292.9700012207031,456.4700012207031
4042,64,6,54.2599983215332,292.9700012207031,439.45001220703125
4043,64,7,54.2599983215332,292.9700012207031,422.42999267578125
4044,64,8,54.2599983215332,292.9700012207031,405.4100036621094
4045,64,9,54.2599983215332,292.9700012207031,388.3900146484375
4046,64,10,54.2599983215332,292.9700012207031,371.3699951171875
4047,64,11,54.2599983215332,292.9700012207031,354.3500061035156
4048,64,12,54.2599983215332,292.9700012207031,337.3299865722656
4049,64,13,54.2599983215332,292.9700012207031,320.30999755859375
4050,64,14,54.2599983215332,292.9700012207031,303.2900085449219
4051,64,15,54.2599983215332,292.9700012207031,286.260009765625
4052,64,16,54.2599983215332,292.9700012207031,269.239990234375
4053,64,17,54.2599983215332,292.9700012207031,252.22000122070312
4054,64,18,54.2599983215332,292.9700012207031,235.1999969482422
4055,64,19,54.2599983215332,292.9700012207031,218.17999267578125
4056,64,20,54.2599983215332,292.9700012207031,201.16000366210938
4057,64,21,54.2599983215332,292.9700012207031,184.13999938964844
4058,64,22,54.2599983215332,292.9700012207031,167.1199951171875
4059,64,23,54.2599983215332,292.9700012207031,150.10000610351562
4060,64,24,54.2599983215332,292.9700012207031,133.0800018310547
4061,64,25,54.2599983215332,292.9700012207031,116.05999755859375
4062,64,26,54.2599983215332,292.9700012207031,99.04000091552734
4063,64,27,54.2599983215332,292.9700012207031,82.0199966430664
4064,64,28,54.2599983215332,292.9700012207031,64.98999786376953
4065,64,29,54.2599983215332,292.9700012207031,47.970001220703125
4066,64,30,54.2599983215332,292.9700012207031,30.950000762939453
4067,64,31,54.2599983215332,292.9700012207031,13.930000305175781
4068,64,32,54.2599983215332,292.9700012207031,-3.0899999141693115
4069,64,33,54.2599983215332,292.9700012207031,-20.110000610351562
4070,64,34,54.2599983215332,292.9700012207031,-37.130001068115234
4071,64,35,54.2599983215332,292.9700012207031,-54.150001525878906
4072,64,36,54.2599983215332,292.9700012207031,-71.16999816894531
4073,64,37,54.2599983215332,292.9700012207031,-88.19000244140625
4074,64,38,54.2599983215332,292.9700012207031,-105.20999908447266
4075,64,39,54.2599983215332,292.9700012207031,-122.2300033569336
4076,64,40,54.2599983215332,292.9700012207031,-139.25
4077,64,41,54.2599983215332,292.9700012207031,-156.27999877929688
4078,64,42,54.2599983215332,292.9700012207031,-173.3000030517578
4079,64,43,54.2599983215332,292.9700012207031,-190.32000732421875
4080,64,44,54.2599983215332,292.9700012207031,-207.33999633789062
4081,64,45,54.2599983215332,292.9700012207031,-224.36000061035156
4082,64,46,54.2599983215332,292.9700012207031,-241.3800048828125
4083,64,47,54.2599983215332,292.9700012207031,-258.3999938964844
4084,64,48,54.2599983215332,292.9700012207031,-275.4200134277344
4085,64,49,54.2599983215332,292.9700012207031,-292.44000244140625
4086,64,50,54.2599983215332,292.9700012207031,-309.4599914550781
4087,64,51,54.2599983215332,292.9700012207031,-326.4800109863281
4088,64,52,54.2599983215332,292.9700012207031,-343.5
4089,64,53,54.2599983215332,292.9700012207031,-360.5199890136719
4090,64,54,54.2599983215332,292.9700012207031,-377.5400085449219
4091,64,55,54.2599983215332,292.9700012207031,-394.57000732421875
4092,64,56,54.2599983215332,292.9700012207031,-411.5899963378906
4093,64,57,54.2599983215332,292.9700012207031,-428.6099853515625
4094,64,58,54.2599983215332,292.9700012207031,-445.6300048828125
4095,64,59,54.2599983215332,292.9700012207031,-462.6499938964844
4096,64,60,54.2599983215332,292.9700012207031,-480.07000732421875
4097,64,61,64.80999755859375,272.1700134277344,1947.1800537109375
4098,64,62,64.72000122070312,272.7300109863281,1947.1800537109375
4099,64,63,55.34000015258789,270.760009765625,1947.3199462890625
4100,64,64,55.279998779296875,271.3299865722656,1947.3199462890625
4101,65,1,174.47000122070312,315.5400085449219,512.739990234375
4102,65,2,174.47000122070312,315.5400085449219,495.7200012207031
4103,65,3,174.47000122070312,315.5400085449219,478.70001220703125
4104,65,4,174.47000122070312,315.5400085449219,461.67999267578125
4105,65,5,174.47000122070312,315.5400085449219,444.6600036621094
4106,65,6,174.47000122070312,315.5400085449219,427.6400146484375
4107,65,7,174.47000122070312,315.5400085449219,410.6199951171875
4108,65,8,174.47000122070312,315.5400085449219,393.6000061035156
4109,65,9,174.47000122070312,315.5400085449219,376.5799865722656
4110,65,10,174.47000122070312,315.5400085449219,359.55999755859375
4111,65,11,174.47000122070312,315.5400085449219,342.5400085449219
4112,65,12,174.47000122070312,315.5400085449219,325.5199890136719
4113,65,13,174.47000122070312,315.5400085449219,308.5
4114,65,14,174.47000122070312,315.5400085449219,291.4700012207031
4115,65,15,174.47000122070312,315.5400085449219,274.45001220703125
4116,65,16,174.47000122070312,315.5400085449219,257.42999267578125
4117,65,17,174.47000122070312,315.5400085449219,240.41000366210938
4118,65,18,174.47000122070312,315.5400085449219,223.38999938964844
4119,65,19,174.47000122070312,315.5400085449219,206.3699951171875
4120,65,20,174.47000122070312,315.5400085449219,189.35000610351562
4121,65,21,174.47000122070312,315.5400085449219,172.3300018310547
4122,65,22,174.47000122070312,315.5400085449219,155.30999755859375
4123,65,23,174.47000122070312,315.5400085449219,138.2899932861328
4124,65,24,174.47000122070312,315.5400085449219,121.2699966430664
4125,65,25,174.47000122070312,315.5400085449219,104.25
4126,65,26,174.47000122070312,315.5400085449219,87.2300033569336
4127,65,27,174.47000122070312,315.5400085449219,70.20999908447266
4128,65,28,174.47000122070312,315.5400085449219,53.18000030517578
4129,65,29,174.47000122070312,315.5400085449219,36.15999984741211
4130,65,30,174.47000122070312,315.5400085449219,19.139999389648438
4131,65,31,174.47000122070312,315.5400085449219,2.119999885559082
4132,65,32,174.47000122070312,315.5400085449219,-14.899999618530273
4133,65,33,174.47000122070312,315.5400085449219,-31.920000076293945
4134,65,34,174.47000122070312,315.5400085449219,-48.939998626708984
4135,65,35,174.47000122070312,315.5400085449219,-65.95999908447266
4136,65,36,174.47000122070312,315.5400085449219,-82.9800033569336
4137,65,37,174.47000122070312,315.5400085449219,-100.0
4138,65,38,174.47000122070312,315.5400085449219,-117.0199966430664
4139,65,39,174.47000122070312,315.5400085449219,-134.0399932861328
4140,65,40,174.47000122070312,315.5400085449219,-151.05999755859375
4141,65,41,174.47000122070312,315.5400085449219,-168.08999633789062
4142,65,42,174.47000122070312,315.5400085449219,-185.11000061035156
4143,65,43,174.47000122070312,315.5400085449219,-202.1300048828125
4144,65,44,174.47000122070312,315.5400085449219,-219.14999389648438
4145,65,45,174.47000122070312,315.5400085449219,-236.1699981689453
4146,65,46,174.47000122070312,315.5400085449219,-253.19000244140625
4147,65,47,174.47000122070312,315.5400085449219,-270.2099914550781
4148,65,48,174.47000122070312,315.5400085449219,-287.2300109863281
4149,65,49,174.47000122070312,315.5400085449219,-304.25
4150,65,50,174.47000122070312,315.5400085449219,-321.2699890136719
4151,65,51,174.47000122070312,315.5400085449219,-338.2900085449219
4152,65,52,174.47000122070312,315.5400085449219,-355.30999755859375
4153,65,53,174.47000122070312,315.5400085449219,-372.3299865722656
4154,65,54,174.47000122070312,315.5400085449219,-389.3599853515625
4155,65,55,174.47000122070312,315.5400085449219,-406.3800048828125
4156,65,56,174.47000122070312,315.5400085449219,-423.3999938964844
4157,65,57,174.47000122070312,315.5400085449219,-440.4200134277344
4158,65,58,174.47000122070312,315.5400085449219,-457.44000244140625
4159,65,59,174.47000122070312,315.5400085449219,-474.4599914550781
4160,65,60,174.47000122070312,315.5400085449219,-491.4800109863281
4161,65,61,153.32000732421875,302.9200134277344,1948.5999755859375
4162,65,62,153.88999938964844,303.010009765625,1948.5999755859375
4163,65,63,152.05999755859375,312.2200012207031,1948.47998046875
4164,65,64,152.6300048828125,312.2900085449219,1948.47998046875
4165,66,1,303.4100036621094,335.6400146484375,512.9500122070312
4166,66,2,303.4100036621094,335.6400146484375,495.92999267578125
4167,66,3,303.4100036621094,335.6400146484375,478.9100036621094
4168,66,4,303.4100036621094,335.6400146484375,461.8900146484375
4169,66,5,303.4100036621094,335.6400146484375,444.8699951171875
4170,66,6,303.4100036621094,335.6400146484375,427.8500061035156
4171,66,7,303.4100036621094,335.6400146484375,410.8299865722656
4172,66,8,303.4100036621094,335.6400146484375,393.80999755859375
4173,66,9,303.4100036621094,335.6400146484375,376.7900085449219
4174,66,10,303.4100036621094,335.6400146484375,359.7699890136719
4175,66,11,303.4100036621094,335.6400146484375,342.75
4176,66,12,303.4100036621094,335.6400146484375,325.7300109863281
4177,66,13,303.4100036621094,335.6400146484375,308.7099914550781
4178,66,14,303.4100036621094,335.6400146484375,291.67999267578125
4179,66,15,303.4100036621094,335.6400146484375,274.6600036621094
4180,66,16,303.4100036621094,335.6400146484375,257.6400146484375
4181,66,17,303.4100036621094,335.6400146484375,240.6199951171875
4182,66,18,303.4100036621094,335.6400146484375,223.60000610351562
4183,66,19,303.4100036621094,335.6400146484375,206.5800018310547
4184,66,20,303.4100036621094,335.6400146484375,189.55999755859375
4185,66,21,303.4100036621094,335.6400146484375,172.5399932861328
4186,66,22,303.4100036621094,335.6400146484375,155.52000427246094
4187,66,23,303.4100036621094,335.6400146484375,138.5
4188,66,24,303.4100036621094,335.6400146484375,121.4800033569336
4189,66,25,303.4100036621094,335.6400146484375,104.45999908447266
4190,66,26,303.4100036621094,335.6400146484375,87.44000244140625
4191,66,27,303.4100036621094,335.6400146484375,70.41999816894531
4192,66,28,303.4100036621094,335.6400146484375,53.38999938964844
4193,66,29,303.4100036621094,335.6400146484375,36.369998931884766
4194,66,30,303.4100036621094,335.6400146484375,19.350000381469727
4195,66,31,303.4100036621094,335.6400146484375,2.3299999237060547
4196,66,32,303.4100036621094,335.6400146484375,-14.6899995803833
4197,66,33,303.4100036621094,335.6400146484375,-31.709999084472656
4198,66,34,303.4100036621094,335.6400146484375,-48.72999954223633
4199,66,35,303.4100036621094,335.6400146484375,-65.75
4200,66,36,303.4100036621094,335.6400146484375,-82.7699966430664
4201,66,37,303.4100036621094,335.6400146484375,-99.79000091552734
4202,66,38,303.4100036621094,335.6400146484375,-116.80999755859375
4203,66,39,303.4100036621094,335.6400146484375,-133.8300018310547
4204,66,40,303.4100036621094,335.6400146484375,-150.85000610351562
4205,66,41,303.4100036621094,335.6400146484375,-167.8800048828125
4206,66,42,303.4100036621094,335.6400146484375,-184.89999389648438
4207,66,43,303.4100036621094,335.6400146484375,-201.9199981689453
4208,66,44,303.4100036621094,335.6400146484375,-218.94000244140625
4209,66,45,303.4100036621094,335.6400146484375,-235.9600067138672
4210,66,46,303.4100036621094,335.6400146484375,-252.97999572753906
4211,66,47,303.4100036621094,335.6400146484375,-270.0
4212,66,48,303.4100036621094,335.6400146484375,-287.0199890136719
4213,66,49,303.4100036621094,335.6400146484375,-304.0400085449219
4214,66,50,303.4100036621094,335.6400146484375,-321.05999755859375
4215,66,51,303.4100036621094,335.6400146484375,-338.0799865722656
4216,66,52,303.4100036621094,335.6400146484375,-355.1000061035156
4217,66,53,303.4100036621094,335.6400146484375,-372.1199951171875
4218,66,54,303.4100036621094,335.6400146484375,-389.1499938964844
4219,66,55,303.4100036621094,335.6400146484375,-406.1700134277344
4220,66,56,303.4100036621094,335.6400146484375,-423.19000244140625
4221,66,57,303.4100036621094,335.6400146484375,-440.2099914550781
4222,66,58,303.4100036621094,335.6400146484375,-457.2300109863281
4223,66,59,303.4100036621094,335.6400146484375,-474.25
4224,66,60,303.4100036621094,335.6400146484375,-491.2699890136719
4225,66,61,320.0899963378906,316.70001220703125,1949.81005859375
4226,66,62,319.79998779296875,317.19000244140625,1949.81005859375
4227,66,63,312.7300109863281,312.2900085449219,1949.7099609375
4228,66,64,312.42999267578125,312.7799987792969,1949.7099609375
4229,67,1,429.760009765625,351.0199890136719,506.1400146484375
4230,67,2,429.760009765625,351.0199890136719,489.1199951171875
4231,67,3,429.760009765625,351.0199890136719,472.1000061035156
4232,67,4,429.760009765625,351.0199890136719,455.0799865722656
4233,67,5,429.760009765625,351.0199890136719,438.05999755859375
4234,67,6,429.760009765625,351.0199890136719,421.0400085449219
4235,67,7,429.760009765625,351.0199890136719,404.0199890136719
4236,67,8,429.760009765625,351.0199890136719,387.0
4237,67,9,429.760009765625,351.0199890136719,369.9800109863281
4238,67,10,429.760009765625,351.0199890136719,352.9599914550781
4239,67,11,429.760009765625,351.0199890136719,335.94000244140625
4240,67,12,429.760009765625,351.0199890136719,318.9200134277344
4241,67,13,429.760009765625,351.0199890136719,301.8999938964844
4242,67,14,429.760009765625,351.0199890136719,284.8699951171875
4243,67,15,429.760009765625,351.0199890136719,267.8500061035156
4244,67,16,429.760009765625,351.0199890136719,250.8300018310547
4245,67,17,429.760009765625,351.0199890136719,233.80999755859375
4246,67,18,429.760009765625,351.0199890136719,216.7899932861328
4247,67,19,429.760009765625,351.0199890136719,199.77000427246094
4248,67,20,429.760009765625,351.0199890136719,182.75
4249,67,21,429.760009765625,351.0199890136719,165.72999572753906
4250,67,22,429.760009765625,351.0199890136719,148.7100067138672
4251,67,23,429.760009765625,351.0199890136719,131.69000244140625
4252,67,24,429.760009765625,351.0199890136719,114.66999816894531
4253,67,25,429.760009765625,351.0199890136719,97.6500015258789
4254,67,26,429.760009765625,351.0199890136719,80.62999725341797
4255,67,27,429.760009765625,351.0199890136719,63.61000061035156
4256,67,28,429.760009765625,351.0199890136719,46.58000183105469
4257,67,29,429.760009765625,351.0199890136719,29.559999465942383
4258,67,30,429.760009765625,351.0199890136719,12.539999961853027
4259,67,31,429.760009765625,351.0199890136719,-4.480000019073486
4260,67,32,429.760009765625,351.0199890136719,-21.5
4261,67,33,429.760009765625,351.0199890136719,-38.52000045776367
4262,67,34,429.760009765625,351.0199890136719,-55.540000915527344
4263,67,35,429.760009765625,351.0199890136719,-72.55999755859375
4264,67,36,429.760009765625,351.0199890136719,-89.58000183105469
4265,67,37,429.760009765625,351.0199890136719,-106.5999984741211
4266,67,38,429.760009765625,351.0199890136719,-123.62000274658203
4267,67,39,429.760009765625,351.0199890136719,-140.63999938964844
4268,67,40,429.760009765625,351.0199890136719,-157.66000366210938
4269,67,41,429.760009765625,351.0199890136719,-174.69000244140625
4270,67,42,429.760009765625,351.0199890136719,-191.7100067138672
4271,67,43,429.760009765625,351.0199890136719,-208.72999572753906
4272,67,44,429.760009765625,351.0199890136719,-225.75
4273,67,45,429.760009765625,351.0199890136719,-242.77000427246094
4274,67,46,429.760009765625,351.0199890136719,-259.7900085449219
4275,67,47,429.760009765625,351.0199890136719,-276.80999755859375
4276,67,48,429.760009765625,351.0199890136719,-293.8299865722656
4277,67,49,429.760009765625,351.0199890136719,-310.8500061035156
4278,67,50,429.760009765625,351.0199890136719,-327.8699951171875
4279,67,51,429.760009765625,351.0199890136719,-344.8900146484375
4280,67,52,429.760009765625,351.0199890136719,-361.9100036621094
4281,67,53,429.760009765625,351.0199890136719,-378.92999267578125
4282,67,54,429.760009765625,351.0199890136719,-395.9599914550781
4283,67,55,429.760009765625,351.0199890136719,-412.9800109863281
4284,67,56,429.760009765625,351.0199890136719,-430.0
4285,67,57,429.760009765625,351.0199890136719,-447.0199890136719
4286,67,58,429.760009765625,351.0199890136719,-464.0400085449219
4287,67,59,429.760009765625,351.0199890136719,-481.05999755859375
4288,67,60,429.760009765625,351.0199890136719,-498.0799865722656
4289,67,61,440.3800048828125,333.1400146484375,1949.9000244140625
4290,67,62,440.2300109863281,333.69000244140625,1949.9000244140625
4291,67,63,431.1099853515625,330.29998779296875,1949.8599853515625
4292,67,64,430.9599914550781,330.8500061035156,1949.8599853515625
4293,68,1,-392.3800048828125,334.239990234375,502.7900085449219
4294,68,2,-392.3800048828125,334.239990234375,485.7699890136719
4295,68,3,-392.3800048828125,334.239990234375,468.75
4296,68,4,-392.3800048828125,334.239990234375,451.7300109863281
4297,68,5,-392.3800048828125,334.239990234375,434.7099914550781
4298,68,6,-392.3800048828125,334.239990234375,417.69000244140625
4299,68,7,-392.3800048828125,334.239990234375,400.6700134277344
4300,68,8,-392.3800048828125,334.239990234375,383.6499938964844
4301,68,9,-392.3800048828125,334.239990234375,366.6300048828125
4302,68,10,-392.3800048828125,334.239990234375,349.6099853515625
4303,68,11,-392.3800048828125,334.239990234375,332.5899963378906
4304,68,12,-392.3800048828125,334.239990234375,315.57000732421875
4305,68,13,-392.3800048828125,334.239990234375,298.54998779296875
4306,68,14,-392.3800048828125,334.239990234375,281.5199890136719
4307,68,15,-392.3800048828125,334.239990234375,264.5
4308,68,16,-392.3800048828125,334.239990234375,247.47999572753906
4309,68,17,-392.3800048828125,334.239990234375,230.4600067138672
4310,68,18,-392.3800048828125,334.239990234375,213.44000244140625
4311,68,19,-392.3800048828125,334.239990234375,196.4199981689453
4312,68,20,-392.3800048828125,334.239990234375,179.39999389648438
4313,68,21,-392.3800048828125,334.239990234375,162.3800048828125
4314,68,22,-392.3800048828125,334.239990234375,145.36000061035156
4315,68,23,-392.3800048828125,334.239990234375,128.33999633789062
4316,68,24,-392.3800048828125,334.239990234375,111.31999969482422
4317,68,25,-392.3800048828125,334.239990234375,94.30000305175781
4318,68,26,-392.3800048828125,334.239990234375,77.27999877929688
4319,68,27,-392.3800048828125,334.239990234375,60.2599983215332
4320,68,28,-392.3800048828125,334.239990234375,43.22999954223633
4321,68,29,-392.3800048828125,334.239990234375,26.209999084472656
4322,68,30,-392.3800048828125,334.239990234375,9.1899995803833
4323,68,31,-392.3800048828125,334.239990234375,-7.829999923706055
4324,68,32,-392.3800048828125,334.239990234375,-24.850000381469727
4325,68,33,-392.3800048828125,334.239990234375,-41.869998931884766
4326,68,34,-392.3800048828125,334.239990234375,-58.88999938964844
4327,68,35,-392.3800048828125,334.239990234375,-75.91000366210938
4328,68,36,-392.3800048828125,334.239990234375,-92.93000030517578
4329,68,37,-392.3800048828125,334.239990234375,-109.94999694824219
4330,68,38,-392.3800048828125,334.239990234375,-126.97000122070312
4331,68,39,-392.3800048828125,334.239990234375,-143.99000549316406
4332,68,40,-392.3800048828125,334.239990234375,-161.00999450683594
4333,68,41,-392.3800048828125,334.239990234375,-178.0399932861328
4334,68,42,-392.3800048828125,334.239990234375,-195.05999755859375
4335,68,43,-392.3800048828125,334.239990234375,-212.0800018310547
4336,68,44,-392.3800048828125,334.239990234375,-229.10000610351562
4337,68,45,-392.3800048828125,334.239990234375,-246.1199951171875
4338,68,46,-392.3800048828125,334.239990234375,-263.1400146484375
4339,68,47,-392.3800048828125,334.239990234375,-280.1600036621094
4340,68,48,-392.3800048828125,334.239990234375,-297.17999267578125
4341,68,49,-392.3800048828125,334.239990234375,-314.20001220703125
4342,68,50,-392.3800048828125,334.239990234375,-331.2200012207031
4343,68,51,-392.3800048828125,334.239990234375,-348.239990234375
4344,68,52,-392.3800048828125,334.239990234375,-365.260009765625
4345,68,53,-392.3800048828125,334.239990234375,-382.2799987792969
4346,68,54,-392.3800048828125,334.239990234375,-399.30999755859375
4347,68,55,-392.3800048828125,334.239990234375,-416.3299865722656
4348,68,56,-392.3800048828125,334.239990234375,-433.3500061035156
4349,68,57,-392.3800048828125,334.239990234375,-450.3699951171875
4350,68,58,-392.3800048828125,334.239990234375,-467.3900146484375
4351,68,59,-392.3800048828125,334.239990234375,-484.4100036621094
4352,68,60,-392.3800048828125,334.239990234375,-501.42999267578125
4353,68,61,-403.6600036621094,311.9700012207031,1945.6400146484375
4354,68,62,-403.30999755859375,312.44000244140625,1945.6400146484375
4355,68,63,-411.0299987792969,317.1700134277344,1945.5699462890625
4356,68,64,-410.70001220703125,317.6400146484375,1945.5699462890625
4357,69,1,-268.8999938964844,354.239990234375,501.5400085449219
4358,69,2,-268.8999938964844,354.239990234375,484.510009765625
4359,69,3,-268.8999938964844,354.239990234375,467.489990234375
4360,69,4,-268.8999938964844,354.239990234375,450.4700012207031
4361,69,5,-268.8999938964844,354.239990234375,433.45001220703125
4362,69,6,-268.8999938964844,354.239990234375,416.42999267578125
4363,69,7,-268.8999938964844,354.239990234375,399.4100036621094
4364,69,8,-268.8999938964844,354.239990234375,382.3900146484375
4365,69,9,-268.8999938964844,354.239990234375,365.3699951171875
4366,69,10,-268.8999938964844,354.239990234375,348.3500061035156
4367,69,11,-268.8999938964844,354.239990234375,331.3299865722656
4368,69,12,-268.8999938964844,354.239990234375,314.30999755859375
4369,69,13,-268.8999938964844,354.239990234375,297.2900085449219
4370,69,14,-268.8999938964844,354.239990234375,280.2699890136719
4371,69,15,-268.8999938964844,354.239990234375,263.239990234375
4372,69,16,-268.8999938964844,354.239990234375,246.22000122070312
4373,69,17,-268.8999938964844,354.239990234375,229.1999969482422
4374,69,18,-268.8999938964844,354.239990234375,212.17999267578125
4375,69,19,-268.8999938964844,354.239990234375,195.16000366210938
4376,69,20,-268.8999938964844,354.239990234375,178.13999938964844
4377,69,21,-268.8999938964844,354.239990234375,161.1199951171875
4378,69,22,-268.8999938964844,354.239990234375,144.10000610351562
4379,69,23,-268.8999938964844,354.239990234375,127.08000183105469
4380,69,24,-268.8999938964844,354.239990234375,110.05999755859375
4381,69,25,-268.8999938964844,354.239990234375,93.04000091552734
4382,69,26,-268.8999938964844,354.239990234375,76.0199966430664
4383,69,27,-268.8999938964844,354.239990234375,59.0
4384,69,28,-268.8999938964844,354.239990234375,41.970001220703125
4385,69,29,-268.8999938964844,354.239990234375,24.950000762939453
4386,69,30,-268.8999938964844,354.239990234375,7.929999828338623
4387,69,31,-268.8999938964844,354.239990234375,-9.09000015258789
4388,69,32,-268.8999938964844,354.239990234375,-26.110000610351562
4389,69,33,-268.8999938964844,354.239990234375,-43.130001068115234
4390,69,34,-268.8999938964844,354.239990234375,-60.150001525878906
4391,69,35,-268.8999938964844,354.239990234375,-77.16999816894531
4392,69,36,-268.8999938964844,354.239990234375,-94.19000244140625
4393,69,37,-268.8999938964844,354.239990234375,-111.20999908447266
4394,69,38,-268.8999938964844,354.239990234375,-128.22999572753906
4395,69,39,-268.8999938964844,354.239990234375,-145.25
4396,69,40,-268.8999938964844,354.239990234375,-162.27000427246094
4397,69,41,-268.8999938964844,354.239990234375,-179.3000030517578
4398,69,42,-268.8999938964844,354.239990234375,-196.32000732421875
4399,69,43,-268.8999938964844,354.239990234375,-213.33999633789062
4400,69,44,-268.8999938964844,354.239990234375,-230.36000061035156
4401,69,45,-268.8999938964844,354.239990234375,-247.3800048828125
4402,69,46,-268.8999938964844,354.239990234375,-264.3999938964844
4403,69,47,-268.8999938964844,354.239990234375,-281.4200134277344
4404,69,48,-268.8999938964844,354.239990234375,-298.44000244140625
4405,69,49,-268.8999938964844,354.239990234375,-315.4599914550781
4406,69,50,-268.8999938964844,354.239990234375,-332.4800109863281
4407,69,51,-268.8999938964844,354.239990234375,-349.5
4408,69,52,-268.8999938964844,354.239990234375,-366.5199890136719
4409,69,53,-268.8999938964844,354.239990234375,-383.5400085449219
4410,69,54,-268.8999938964844,354.239990234375,-400.57000732421875
4411,69,55,-268.8999938964844,354.239990234375,-417.5899963378906
4412,69,56,-268.8999938964844,354.239990234375,-434.6099853515625
4413,69,57,-268.8999938964844,354.239990234375,-451.6300048828125
4414,69,58,-268.8999938964844,354.239990234375,-468.6499938964844
4415,69,59,-268.8999938964844,354.239990234375,-485.6700134277344
4416,69,60,-268.8999938964844,354.239990234375,-502.8900146484375
4417,69,61,-279.80999755859375,330.9200134277344,1946.0899658203125
4418,69,62,-279.4800109863281,331.3900146484375,1946.0899658203125
4419,69,63,-287.45001220703125,336.2200012207031,1946.0
4420,69,64,-287.1000061035156,336.69000244140625,1946.0
4421,70,1,-145.4499969482422,374.239990234375,502.0899963378906
4422,70,2,-145.4499969482422,374.239990234375,485.07000732421875
4423,70,3,-145.4499969482422,374.239990234375,468.0400085449219
4424,70,4,-145.4499969482422,374.239990234375,451.0199890136719
4425,70,5,-145.4499969482422,374.239990234375,434.0
4426,70,6,-145.4499969482422,374.239990234375,416.9800109863281
4427,70,7,-145.4499969482422,374.239990234375,399.9599914550781
4428,70,8,-145.4499969482422,374.239990234375,382.94000244140625
4429,70,9,-145.4499969482422,374.239990234375,365.9200134277344
4430,70,10,-145.4499969482422,374.239990234375,348.8999938964844
4431,70,11,-145.4499969482422,374.239990234375,331.8800048828125
4432,70,12,-145.4499969482422,374.239990234375,314.8599853515625
4433,70,13,-145.4499969482422,374.239990234375,297.8399963378906
4434,70,14,-145.4499969482422,374.239990234375,280.82000732421875
4435,70,15,-145.4499969482422,374.239990234375,263.79998779296875
4436,70,16,-145.4499969482422,374.239990234375,246.77000427246094
4437,70,17,-145.4499969482422,374.239990234375,229.75
4438,70,18,-145.4499969482422,374.239990234375,212.72999572753906
4439,70,19,-145.4499969482422,374.239990234375,195.7100067138672
4440,70,20,-145.4499969482422,374.239990234375,178.69000244140625
4441,70,21,-145.4499969482422,374.239990234375,161.6699981689453
4442,70,22,-145.4499969482422,374.239990234375,144.64999389648438
4443,70,23,-145.4499969482422,374.239990234375,127.62999725341797
4444,70,24,-145.4499969482422,374.239990234375,110.61000061035156
4445,70,25,-145.4499969482422,374.239990234375,93.58999633789062
4446,70,26,-145.4499969482422,374.239990234375,76.56999969482422
4447,70,27,-145.4499969482422,374.239990234375,59.54999923706055
4448,70,28,-145.4499969482422,374.239990234375,42.529998779296875
4449,70,29,-145.4499969482422,374.239990234375,25.5
4450,70,30,-145.4499969482422,374.239990234375,8.479999542236328
4451,70,31,-145.4499969482422,374.239990234375,-8.539999961853027
4452,70,32,-145.4499969482422,374.239990234375,-25.559999465942383
4453,70,33,-145.4499969482422,374.239990234375,-42.58000183105469
4454,70,34,-145.4499969482422,374.239990234375,-59.599998474121094
4455,70,35,-145.4499969482422,374.239990234375,-76.62000274658203
4456,70,36,-145.4499969482422,374.239990234375,-93.63999938964844
4457,70,37,-145.4499969482422,374.239990234375,-110.66000366210938
4458,70,38,-145.4499969482422,374.239990234375,-127.68000030517578
4459,70,39,-145.4499969482422,374.239990234375,-144.6999969482422
4460,70,40,-145.4499969482422,374.239990234375,-161.72000122070312
4461,70,41,-145.4499969482422,374.239990234375,-178.74000549316406
4462,70,42,-145.4499969482422,374.239990234375,-195.77000427246094
4463,70,43,-145.4499969482422,374.239990234375,-212.7899932861328
4464,70,44,-145.4499969482422,374.239990234375,-229.80999755859375
4465,70,45,-145.4499969482422,374.239990234375,-246.8300018310547
4466,70,46,-145.4499969482422,374.239990234375,-263.8500061035156
4467,70,47,-145.4499969482422,374.239990234375,-280.8699951171875
4468,70,48,-145.4499969482422,374.239990234375,-297.8900146484375
4469,70,49,-145.4499969482422,374.239990234375,-314.9100036621094
4470,70,50,-145.4499969482422,374.239990234375,-331.92999267578125
4471,70,51,-145.4499969482422,374.239990234375,-348.95001220703125
4472,70,52,-145.4499969482422,374.239990234375,-365.9700012207031
4473,70,53,-145.4499969482422,374.239990234375,-382.989990234375
4474,70,54,-145.4499969482422,374.239990234375,-400.010009765625
4475,70,55,-145.4499969482422,374.239990234375,-417.0299987792969
4476,70,56,-145.4499969482422,374.239990234375,-434.05999755859375
4477,70,57,-145.4499969482422,374.239990234375,-451.0799865722656
4478,70,58,-145.4499969482422,374.239990234375,-468.1000061035156
4479,70,59,-145.4499969482422,374.239990234375,-485.1199951171875
4480,70,60,-145.4499969482422,374.239990234375,-503.1400146484375
4481,70,61,-161.67999267578125,354.2300109863281,1946.1800537109375
4482,70,62,-161.25,354.6199951171875,1946.1800537109375
4483,70,63,-167.91000366210938,361.3999938964844,1946.219970703125
4484,70,64,-167.47999572753906,361.7900085449219,1946.219970703125
4485,71,1,-21.969999313354492,393.239990234375,499.80999755859375
4486,71,2,-21.969999313354492,393.239990234375,482.7900085449219
4487,71,3,-21.969999313354492,393.239990234375,465.7699890136719
4488,71,4,-21.969999313354492,393.239990234375,448.75
4489,71,5,-21.969999313354492,393.239990234375,431.7300109863281
4490,71,6,-21.969999313354492,393.239990234375,414.7099914550781
4491,71,7,-21.969999313354492,393.239990234375,397.69000244140625
4492,71,8,-21.969999313354492,393.239990234375,380.6700134277344
4493,71,9,-21.969999313354492,393.239990234375,363.6499938964844
4494,71,10,-21.969999313354492,393.239990234375,346.6300048828125
4495,71,11,-21.969999313354492,393.239990234375,329.6099853515625
4496,71,12,-21.969999313354492,393.239990234375,312.5899963378906
4497,71,13,-21.969999313354492,393.239990234375,295.57000732421875
4498,71,14,-21.969999313354492,393.239990234375,278.5400085449219
4499,71,15,-21.969999313354492,393.239990234375,261.5199890136719
4500,71,16,-21.969999313354492,393.239990234375,244.5
4501,71,17,-21.969999313354492,393.239990234375,227.47999572753906
4502,71,18,-21.969999313354492,393.239990234375,210.4600067138672
4503,71,19,-21.969999313354492,393.239990234375,193.44000244140625
4504,71,20,-21.969999313354492,393.239990234375,176.4199981689453
4505,71,21,-21.969999313354492,393.239990234375,159.39999389648438
4506,71,22,-21.969999313354492,393.239990234375,142.3800048828125
4507,71,23,-21.969999313354492,393.239990234375,125.36000061035156
4508,71,24,-21.969999313354492,393.239990234375,108.33999633789062
4509,71,25,-21.969999313354492,393.239990234375,91.31999969482422
4510,71,26,-21.969999313354492,393.239990234375,74.30000305175781
4511,71,27,-21.969999313354492,393.239990234375,57.279998779296875
4512,71,28,-21.969999313354492,393.239990234375,40.25
4513,71,29,-21.969999313354492,393.239990234375,23.229999542236328
4514,71,30,-21.969999313354492,393.239990234375,6.210000038146973
4515,71,31,-21.969999313354492,393.239990234375,-10.8100004196167
4516,71,32,-21.969999313354492,393.239990234375,-27.829999923706055
4517,71,33,-21.969999313354492,393.239990234375,-44.849998474121094
4518,71,34,-21.969999313354492,393.239990234375,-61.869998931884766
4519,71,35,-21.969999313354492,393.239990234375,-78.88999938964844
4520,71,36,-21.969999313354492,393.239990234375,-95.91000366210938
4521,71,37,-21.969999313354492,393.239990234375,-112.93000030517578
4522,71,38,-21.969999313354492,393.239990234375,-129.9499969482422
4523,71,39,-21.969999313354492,393.239990234375,-146.97000122070312
4524,71,40,-21.969999313354492,393.239990234375,-163.99000549316406
4525,71,41,-21.969999313354492,393.239990234375,-181.02000427246094
4526,71,42,-21.969999313354492,393.239990234375,-198.0399932861328
4527,71,43,-21.969999313354492,393.239990234375,-215.05999755859375
4528,71,44,-21.969999313354492,393.239990234375,-232.0800018310547
4529,71,45,-21.969999313354492,393.239990234375,-249.10000610351562
4530,71,46,-21.969999313354492,393.239990234375,-266.1199951171875
4531,71,47,-21.969999313354492,393.239990234375,-283.1400146484375
4532,71,48,-21.969999313354492,393.239990234375,-300.1600036621094
4533,71,49,-21.969999313354492,393.239990234375,-317.17999267578125
4534,71,50,-21.969999313354492,393.239990234375,-334.20001220703125
4535,71,51,-21.969999313354492,393.239990234375,-351.2200012207031
4536,71,52,-21.969999313354492,393.239990234375,-368.239990234375
4537,71,53,-21.969999313354492,393.239990234375,-385.260009765625
4538,71,54,-21.969999313354492,393.239990234375,-402.2900085449219
4539,71,55,-21.969999313354492,393.239990234375,-419.30999755859375
4540,71,56,-21.969999313354492,393.239990234375,-436.3299865722656
4541,71,57,-21.969999313354492,393.239990234375,-453.3500061035156
4542,71,58,-21.969999313354492,393.239990234375,-470.3699951171875
4543,71,59,-21.969999313354492,393.239990234375,-487.3900146484375
4544,71,60,-21.969999313354492,393.239990234375,-504.4100036621094
4545,71,61,-12.5,369.9599914550781,1946.97998046875
4546,71,62,-12.670000076293945,370.5199890136719,1946.97998046875
4547,71,63,-21.81999969482422,367.2900085449219,1947.06005859375
4548,71,64,-22.0,367.8299865722656,1947.06005859375
4549,72,1,101.04000091552734,412.7900085449219,504.4200134277344
4550,72,2,101.04000091552734,412.7900085449219,487.3900146484375
4551,72,3,101.04000091552734,412.7900085449219,470.3699951171875
4552,72,4,101.04000091552734,412.7900085449219,453.3500061035156
4553,72,5,101.04000091552734,412.7900085449219,436.3299865722656
4554,72,6,101.04000091552734,412.7900085449219,419.30999755859375
4555,72,7,101.04000091552734,412.7900085449219,402.2900085449219
4556,72,8,101.04000091552734,412.7900085449219,385.2699890136719
4557,72,9,101.04000091552734,412.7900085449219,368.25
4558,72,10,101.04000091552734,412.7900085449219,351.2300109863281
4559,72,11,101.04000091552734,412.7900085449219,334.2099914550781
4560,72,12,101.04000091552734,412.7900085449219,317.19000244140625
4561,72,13,101.04000091552734,412.7900085449219,300.1700134277344
4562,72,14,101.04000091552734,412.7900085449219,283.1499938964844
4563,72,15,101.04000091552734,412.7900085449219,266.1300048828125
4564,72,16,101.04000091552734,412.7900085449219,249.10000610351562
4565,72,17,101.04000091552734,412.7900085449219,232.0800018310547
4566,72,18,101.04000091552734,412.7900085449219,215.05999755859375
4567,72,19,101.04000091552734,412.7900085449219,198.0399932861328
4568,72,20,101.04000091552734,412.7900085449219,181.02000427246094
4569,72,21,101.04000091552734,412.7900085449219,164.0
4570,72,22,101.04000091552734,412.7900085449219,146.97999572753906
4571,72,23,101.04000091552734,412.7900085449219,129.9600067138672
4572,72,24,101.04000091552734,412.7900085449219,112.94000244140625
4573,72,25,101.04000091552734,412.7900085449219,95.91999816894531
4574,72,26,101.04000091552734,412.7900085449219,78.9000015258789
4575,72,27,101.04000091552734,412.7900085449219,61.880001068115234
4576,72,28,101.04000091552734,412.7900085449219,44.86000061035156
4577,72,29,101.04000091552734,412.7900085449219,27.829999923706055
4578,72,30,101.04000091552734,412.7900085449219,10.8100004196167
4579,72,31,101.04000091552734,412.7900085449219,-6.210000038146973
4580,72,32,101.04000091552734,412.7900085449219,-23.229999542236328
4581,72,33,101.04000091552734,412.7900085449219,-40.25
4582,72,34,101.04000091552734,412.7900085449219,-57.27000045776367
4583,72,35,101.04000091552734,412.7900085449219,-74.29000091552734
4584,72,36,101.04000091552734,412.7900085449219,-91.30999755859375
4585,72,37,101.04000091552734,412.7900085449219,-108.33000183105469
4586,72,38,101.04000091552734,412.7900085449219,-125.3499984741211
4587,72,39,101.04000091552734,412.7900085449219,-142.3699951171875
4588,72,40,101.04000091552734,412.7900085449219,-159.38999938964844
4589,72,41,101.04000091552734,412.7900085449219,-176.41000366210938
4590,72,42,101.04000091552734,412.7900085449219,-193.44000244140625
4591,72,43,101.04000091552734,412.7900085449219,-210.4600067138672
4592,72,44,101.04000091552734,412.7900085449219,-227.47999572753906
4593,72,45,101.04000091552734,412.7900085449219,-244.5
4594,72,46,101.04000091552734,412.7900085449219,-261.5199890136719
4595,72,47,101.04000091552734,412.7900085449219,-278.5400085449219
4596,72,48,101.04000091552734,412.7900085449219,-295.55999755859375
4597,72,49,101.04000091552734,412.7900085449219,-312.5799865722656
4598,72,50,101.04000091552734,412.7900085449219,-329.6000061035156
4599,72,51,101.04000091552734,412.7900085449219,-346.6199951171875
4600,72,52,101.04000091552734,412.7900085449219,-363.6400146484375
4601,72,53,101.04000091552734,412.7900085449219,-380.6600036621094
4602,72,54,101.04000091552734,412.7900085449219,-397.67999267578125
4603,72,55,101.04000091552734,412.7900085449219,-414.7099914550781
4604,72,56,101.04000091552734,412.7900085449219,-431.7300109863281
4605,72,57,101.04000091552734,412.7900085449219,-448.75
4606,72,58,101.04000091552734,412.7900085449219,-465.7699890136719
4607,72,59,101.04000091552734,412.7900085449219,-482.7900085449219
4608,72,60,101.04000091552734,412.7900085449219,-500.510009765625
4609,72,61,123.7300033569336,400.7200012207031,1948.6300048828125
4610,72,62,123.30000305175781,401.1099853515625,1948.6300048828125
4611,72,63,116.86000061035156,393.30999755859375,1948.6300048828125
4612,72,64,116.44000244140625,393.7099914550781,1948.6300048828125
4613,73,1,224.5800018310547,432.3500061035156,497.05999755859375
4614,73,2,224.5800018310547,432.3500061035156,480.0400085449219
4615,73,3,224.5800018310547,432.3500061035156,463.0199890136719
4616,73,4,224.5800018310547,432.3500061035156,446.0
4617,73,5,224.5800018310547,432.3500061035156,428.9800109863281
4618,73,6,224.5800018310547,432.3500061035156,411.9599914550781
4619,73,7,224.5800018310547,432.3500061035156,394.94000244140625
4620,73,8,224.5800018310547,432.3500061035156,377.9200134277344
4621,73,9,224.5800018310547,432.3500061035156,360.8999938964844
4622,73,10,224.5800018310547,432.3500061035156,343.8800048828125
4623,73,11,224.5800018310547,432.3500061035156,326.8599853515625
4624,73,12,224.5800018310547,432.3500061035156,309.8399963378906
4625,73,13,224.5800018310547,432.3500061035156,292.82000732421875
4626,73,14,224.5800018310547,432.3500061035156,275.7900085449219
4627,73,15,224.5800018310547,432.3500061035156,258.7699890136719
4628,73,16,224.5800018310547,432.3500061035156,241.75
4629,73,17,224.5800018310547,432.3500061035156,224.72999572753906
4630,73,18,224.5800018310547,432.3500061035156,207.7100067138672
4631,73,19,224.5800018310547,432.3500061035156,190.69000244140625
4632,73,20,224.5800018310547,432.3500061035156,173.6699981689453
4633,73,21,224.5800018310547,432.3500061035156,156.64999389648438
4634,73,22,224.5800018310547,432.3500061035156,139.6300048828125
4635,73,23,224.5800018310547,432.3500061035156,122.61000061035156
4636,73,24,224.5800018310547,432.3500061035156,105.58999633789062
4637,73,25,224.5800018310547,432.3500061035156,88.56999969482422
4638,73,26,224.5800018310547,432.3500061035156,71.55000305175781
4639,73,27,224.5800018310547,432.3500061035156,54.529998779296875
4640,73,28,224.5800018310547,432.3500061035156,37.5
4641,73,29,224.5800018310547,432.3500061035156,20.479999542236328
4642,73,30,224.5800018310547,432.3500061035156,3.4600000381469727
4643,73,31,224.5800018310547,432.3500061035156,-13.5600004196167
4644,73,32,224.5800018310547,432.3500061035156,-30.579999923706055
4645,73,33,224.5800018310547,432.3500061035156,-47.599998474121094
4646,73,34,224.5800018310547,432.3500061035156,-64.62000274658203
4647,73,35,224.5800018310547,432.3500061035156,-81.63999938964844
4648,73,36,224.5800018310547,432.3500061035156,-98.66000366210938
4649,73,37,224.5800018310547,432.3500061035156,-115.68000030517578
4650,73,38,224.5800018310547,432.3500061035156,-132.6999969482422
4651,73,39,224.5800018310547,432.3500061035156,-149.72000122070312
4652,73,40,224.5800018310547,432.3500061035156,-166.74000549316406
4653,73,41,224.5800018310547,432.3500061035156,-183.77000427246094
4654,73,42,224.5800018310547,432.3500061035156,-200.7899932861328
4655,73,43,224.5800018310547,432.3500061035156,-217.80999755859375
4656,73,44,224.5800018310547,432.3500061035156,-234.8300018310547
4657,73,45,224.5800018310547,432.3500061035156,-251.85000610351562
4658,73,46,224.5800018310547,432.3500061035156,-268.8699951171875
4659,73,47,224.5800018310547,432.3500061035156,-285.8900146484375
4660,73,48,224.5800018310547,432.3500061035156,-302.9100036621094
4661,73,49,224.5800018310547,432.3500061035156,-319.92999267578125
4662,73,50,224.5800018310547,432.3500061035156,-336.95001220703125
4663,73,51,224.5800018310547,432.3500061035156,-353.9700012207031
4664,73,52,224.5800018310547,432.3500061035156,-370.989990234375
4665,73,53,224.5800018310547,432.3500061035156,-388.010009765625
4666,73,54,224.5800018310547,432.3500061035156,-405.0400085449219
4667,73,55,224.5800018310547,432.3500061035156,-422.05999755859375
4668,73,56,224.5800018310547,432.3500061035156,-439.0799865722656
4669,73,57,224.5800018310547,432.3500061035156,-456.1000061035156
4670,73,58,224.5800018310547,432.3500061035156,-473.1199951171875
4671,73,59,224.5800018310547,432.3500061035156,-490.1400146484375
4672,73,60,224.5800018310547,432.3500061035156,-507.1600036621094
4673,73,61,207.7100067138672,412.8500061035156,1949.25
4674,73,62,208.17999267578125,413.17999267578125,1949.25
4675,73,63,201.7899932861328,421.1300048828125,1949.239990234375
4676,73,64,202.27000427246094,421.4599914550781,1949.239990234375
4677,74,1,338.44000244140625,463.7200012207031,505.7200012207031
4678,74,2,338.44000244140625,463.7200012207031,488.70001220703125
4679,74,3,338.44000244140625,463.7200012207031,471.67999267578125
4680,74,4,338.44000244140625,463.7200012207031,454.6600036621094
4681,74,5,338.44000244140625,463.7200012207031,437.6400146484375
4682,74,6,338.44000244140625,463.7200012207031,420.6199951171875
4683,74,7,338.44000244140625,463.7200012207031,403.6000061035156
4684,74,8,338.44000244140625,463.7200012207031,386.5799865722656
4685,74,9,338.44000244140625,463.7200012207031,369.55999755859375
4686,74,10,338.44000244140625,463.7200012207031,352.5400085449219
4687,74,11,338.44000244140625,463.7200012207031,335.5199890136719
4688,74,12,338.44000244140625,463.7200012207031,318.5
4689,74,13,338.44000244140625,463.7200012207031,301.4800109863281
4690,74,14,338.44000244140625,463.7200012207031,284.45001220703125
4691,74,15,338.44000244140625,463.7200012207031,267.42999267578125
4692,74,16,338.44000244140625,463.7200012207031,250.41000366210938
4693,74,17,338.44000244140625,463.7200012207031,233.38999938964844
4694,74,18,338.44000244140625,463.7200012207031,216.3699951171875
4695,74,19,338.44000244140625,463.7200012207031,199.35000610351562
4696,74,20,338.44000244140625,463.7200012207031,182.3300018310547
4697,74,21,338.44000244140625,463.7200012207031,165.30999755859375
4698,74,22,338.44000244140625,463.7200012207031,148.2899932861328
4699,74,23,338.44000244140625,463.7200012207031,131.27000427246094
4700,74,24,338.44000244140625,463.7200012207031,114.25
4701,74,25,338.44000244140625,463.7200012207031,97.2300033569336
4702,74,26,338.44000244140625,463.7200012207031,80.20999908447266
4703,74,27,338.44000244140625,463.7200012207031,63.189998626708984
4704,74,28,338.44000244140625,463.7200012207031,46.15999984741211
4705,74,29,338.44000244140625,463.7200012207031,29.139999389648438
4706,74,30,338.44000244140625,463.7200012207031,12.119999885559082
4707,74,31,338.44000244140625,463.7200012207031,-4.900000095367432
4708,74,32,338.44000244140625,463.7200012207031,-21.920000076293945
4709,74,33,338.44000244140625,463.7200012207031,-38.939998626708984
4710,74,34,338.44000244140625,463.7200012207031,-55.959999084472656
4711,74,35,338.44000244140625,463.7200012207031,-72.9800033569336
4712,74,36,338.44000244140625,463.7200012207031,-90.0
4713,74,37,338.44000244140625,463.7200012207031,-107.0199966430664
4714,74,38,338.44000244140625,463.7200012207031,-124.04000091552734
4715,74,39,338.44000244140625,463.7200012207031,-141.05999755859375
4716,74,40,338.44000244140625,463.7200012207031,-158.0800018310547
4717,74,41,338.44000244140625,463.7200012207031,-175.11000061035156
4718,74,42,338.44000244140625,463.7200012207031,-192.1300048828125
4719,74,43,338.44000244140625,463.7200012207031,-209.14999389648438
4720,74,44,338.44000244140625,463.7200012207031,-226.1699981689453
4721,74,45,338.44000244140625,463.7200012207031,-243.19000244140625
4722,74,46,338.44000244140625,463.7200012207031,-260.2099914550781
4723,74,47,338.44000244140625,463.7200012207031,-277.2300109863281
4724,74,48,338.44000244140625,463.7200012207031,-294.25
4725,74,49,338.44000244140625,463.7200012207031,-311.2699890136719
4726,74,50,338.44000244140625,463.7200012207031,-328.2900085449219
4727,74,51,338.44000244140625,463.7200012207031,-345.30999755859375
4728,74,52,338.44000244140625,463.7200012207031,-362.3299865722656
4729,74,53,338.44000244140625,463.7200012207031,-379.3500061035156
4730,74,54,338.44000244140625,463.7200012207031,-396.3800048828125
4731,74,55,338.44000244140625,463.7200012207031,-413.3999938964844
4732,74,56,338.44000244140625,463.7200012207031,-430.4200134277344
4733,74,57,338.44000244140625,463.7200012207031,-447.44000244140625
4734,74,58,338.44000244140625,463.7200012207031,-464.4599914550781
4735,74,59,338.44000244140625,463.7200012207031,-481.4800109863281
4736,74,60,338.44000244140625,463.7200012207031,-498.5
4737,74,61,369.489990234375,430.7699890136719,1950.0799560546875
4738,74,62,369.1499938964844,431.2300109863281,1950.0799560546875
4739,74,63,362.260009765625,425.17999267578125,1949.97998046875
4740,74,64,361.9200134277344,425.6400146484375,1949.97998046875
4741,75,1,-347.8800048828125,451.5199890136719,502.010009765625
4742,75,2,-347.8800048828125,451.5199890136719,484.9800109863281
4743,75,3,-347.8800048828125,451.5199890136719,467.9599914550781
4744,75,4,-347.8800048828125,451.5199890136719,450.94000244140625
4745,75,5,-347.8800048828125,451.5199890136719,433.9200134277344
4746,75,6,-347.8800048828125,451.5199890136719,416.8999938964844
4747,75,7,-347.8800048828125,451.5199890136719,399.8800048828125
4748,75,8,-347.8800048828125,451.5199890136719,382.8599853515625
4749,75,9,-347.8800048828125,451.5199890136719,365.8399963378906
4750,75,10,-347.8800048828125,451.5199890136719,348.82000732421875
4751,75,11,-347.8800048828125,451.5199890136719,331.79998779296875
4752,75,12,-347.8800048828125,451.5199890136719,314.7799987792969
4753,75,13,-347.8800048828125,451.5199890136719,297.760009765625
4754,75,14,-347.8800048828125,451.5199890136719,280.739990234375
4755,75,15,-347.8800048828125,451.5199890136719,263.7099914550781
4756,75,16,-347.8800048828125,451.5199890136719,246.69000244140625
4757,75,17,-347.8800048828125,451.5199890136719,229.6699981689453
4758,75,18,-347.8800048828125,451.5199890136719,212.64999389648438
4759,75,19,-347.8800048828125,451.5199890136719,195.6300048828125
4760,75,20,-347.8800048828125,451.5199890136719,178.61000061035156
4761,75,21,-347.8800048828125,451.5199890136719,161.58999633789062
4762,75,22,-347.8800048828125,451.5199890136719,144.57000732421875
4763,75,23,-347.8800048828125,451.5199890136719,127.55000305175781
4764,75,24,-347.8800048828125,451.5199890136719,110.52999877929688
4765,75,25,-347.8800048828125,451.5199890136719,93.51000213623047
4766,75,26,-347.8800048828125,451.5199890136719,76.48999786376953
4767,75,27,-347.8800048828125,451.5199890136719,59.470001220703125
4768,75,28,-347.8800048828125,451.5199890136719,42.439998626708984
4769,75,29,-347.8800048828125,451.5199890136719,25.420000076293945
4770,75,30,-347.8800048828125,451.5199890136719,8.399999618530273
4771,75,31,-347.8800048828125,451.5199890136719,-8.619999885559082
4772,75,32,-347.8800048828125,451.5199890136719,-25.639999389648438
4773,75,33,-347.8800048828125,451.5199890136719,-42.65999984741211
4774,75,34,-347.8800048828125,451.5199890136719,-59.68000030517578
4775,75,35,-347.8800048828125,451.5199890136719,-76.69999694824219
4776,75,36,-347.8800048828125,451.5199890136719,-93.72000122070312
4777,75,37,-347.8800048828125,451.5199890136719,-110.73999786376953
4778,75,38,-347.8800048828125,451.5199890136719,-127.76000213623047
4779,75,39,-347.8800048828125,451.5199890136719,-144.77999877929688
4780,75,40,-347.8800048828125,451.5199890136719,-161.8000030517578
4781,75,41,-347.8800048828125,451.5199890136719,-178.8300018310547
4782,75,42,-347.8800048828125,451.5199890136719,-195.85000610351562
4783,75,43,-347.8800048828125,451.5199890136719,-212.8699951171875
4784,75,44,-347.8800048828125,451.5199890136719,-229.88999938964844
4785,75,45,-347.8800048828125,451.5199890136719,-246.91000366210938
4786,75,46,-347.8800048828125,451.5199890136719,-263.92999267578125
4787,75,47,-347.8800048828125,451.5199890136719,-280.95001220703125
4788,75,48,-347.8800048828125,451.5199890136719,-297.9700012207031
4789,75,49,-347.8800048828125,451.5199890136719,-314.989990234375
4790,75,50,-347.8800048828125,451.5199890136719,-332.010009765625
4791,75,51,-347.8800048828125,451.5199890136719,-349.0299987792969
4792,75,52,-347.8800048828125,451.5199890136719,-366.04998779296875
4793,75,53,-347.8800048828125,451.5199890136719,-383.07000732421875
4794,75,54,-347.8800048828125,451.5199890136719,-400.0899963378906
4795,75,55,-347.8800048828125,451.5199890136719,-417.1199951171875
4796,75,56,-347.8800048828125,451.5199890136719,-434.1400146484375
4797,75,57,-347.8800048828125,451.5199890136719,-451.1600036621094
4798,75,58,-347.8800048828125,451.5199890136719,-468.17999267578125
4799,75,59,-347.8800048828125,451.5199890136719,-485.20001220703125
4800,75,60,-347.8800048828125,451.5199890136719,-502.6199951171875
4801,75,61,-352.69000244140625,421.1499938964844,1946.010009765625
4802,75,62,-352.5199890136719,421.70001220703125,1946.010009765625
4803,75,63,-361.3299865722656,423.8900146484375,1946.030029296875
4804,75,64,-361.1600036621094,424.45001220703125,1946.030029296875
4805,76,1,-224.08999633789062,470.8599853515625,502.4200134277344
4806,76,2,-224.08999633789062,470.8599853515625,485.3999938964844
4807,76,3,-224.08999633789062,470.8599853515625,468.3800048828125
4808,76,4,-224.08999633789062,470.8599853515625,451.3599853515625
4809,76,5,-224.08999633789062,470.8599853515625,434.3399963378906
4810,76,6,-224.08999633789062,470.8599853515625,417.32000732421875
4811,76,7,-224.08999633789062,470.8599853515625,400.29998779296875
4812,76,8,-224.08999633789062,470.8599853515625,383.2799987792969
4813,76,9,-224.08999633789062,470.8599853515625,366.260009765625
4814,76,10,-224.08999633789062,470.8599853515625,349.239990234375
4815,76,11,-224.08999633789062,470.8599853515625,332.2200012207031
4816,76,12,-224.08999633789062,470.8599853515625,315.20001220703125
4817,76,13,-224.08999633789062,470.8599853515625,298.17999267578125
4818,76,14,-224.08999633789062,470.8599853515625,281.1499938964844
4819,76,15,-224.08999633789062,470.8599853515625,264.1300048828125
4820,76,16,-224.08999633789062,470.8599853515625,247.11000061035156
4821,76,17,-224.08999633789062,470.8599853515625,230.08999633789062
4822,76,18,-224.08999633789062,470.8599853515625,213.07000732421875
4823,76,19,-224.08999633789062,470.8599853515625,196.0500030517578
4824,76,20,-224.08999633789062,470.8599853515625,179.02999877929688
4825,76,21,-224.08999633789062,470.8599853515625,162.00999450683594
4826,76,22,-224.08999633789062,470.8599853515625,144.99000549316406
4827,76,23,-224.08999633789062,470.8599853515625,127.97000122070312
4828,76,24,-224.08999633789062,470.8599853515625,110.94999694824219
4829,76,25,-224.08999633789062,470.8599853515625,93.93000030517578
4830,76,26,-224.08999633789062,470.8599853515625,76.91000366210938
4831,76,27,-224.08999633789062,470.8599853515625,59.88999938964844
4832,76,28,-224.08999633789062,470.8599853515625,42.86000061035156
4833,76,29,-224.08999633789062,470.8599853515625,25.84000015258789
4834,76,30,-224.08999633789062,470.8599853515625,8.819999694824219
4835,76,31,-224.08999633789062,470.8599853515625,-8.199999809265137
4836,76,32,-224.08999633789062,470.8599853515625,-25.219999313354492
4837,76,33,-224.08999633789062,470.8599853515625,-42.2400016784668
4838,76,34,-224.08999633789062,470.8599853515625,-59.2599983215332
4839,76,35,-224.08999633789062,470.8599853515625,-76.27999877929688
4840,76,36,-224.08999633789062,470.8599853515625,-93.30000305175781
4841,76,37,-224.08999633789062,470.8599853515625,-110.31999969482422
4842,76,38,-224.08999633789062,470.8599853515625,-127.33999633789062
4843,76,39,-224.08999633789062,470.8599853515625,-144.36000061035156
4844,76,40,-224.08999633789062,470.8599853515625,-161.3800048828125
4845,76,41,-224.08999633789062,470.8599853515625,-178.41000366210938
4846,76,42,-224.08999633789062,470.8599853515625,-195.42999267578125
4847,76,43,-224.08999633789062,470.8599853515625,-212.4499969482422
4848,76,44,-224.08999633789062,470.8599853515625,-229.47000122070312
4849,76,45,-224.08999633789062,470.8599853515625,-246.49000549316406
4850,76,46,-224.08999633789062,470.8599853515625,-263.510009765625
4851,76,47,-224.08999633789062,470.8599853515625,-280.5299987792969
4852,76,48,-224.08999633789062,470.8599853515625,-297.54998779296875
4853,76,49,-224.08999633789062,470.8599853515625,-314.57000732421875
4854,76,50,-224.08999633789062,470.8599853515625,-331.5899963378906
4855,76,51,-224.08999633789062,470.8599853515625,-348.6099853515625
4856,76,52,-224.08999633789062,470.8599853515625,-365.6300048828125
4857,76,53,-224.08999633789062,470.8599853515625,-382.6499938964844
4858,76,54,-224.08999633789062,470.8599853515625,-399.67999267578125
4859,76,55,-224.08999633789062,470.8599853515625,-416.70001220703125
4860,76,56,-224.08999633789062,470.8599853515625,-433.7200012207031
4861,76,57,-224.08999633789062,470.8599853515625,-450.739990234375
4862,76,58,-224.08999633789062,470.8599853515625,-467.760009765625
4863,76,59,-224.08999633789062,470.8599853515625,-484.7799987792969
4864,76,60,-224.08999633789062,470.8599853515625,-501.79998779296875
4865,76,61,-242.10000610351562,453.1600036621094,1946.280029296875
4866,76,62,-241.6199951171875,453.4800109863281,1946.280029296875
4867,76,63,-247.85000610351562,461.2699890136719,1946.18994140625
4868,76,64,-247.3699951171875,461.6000061035156,1946.18994140625
4869,77,1,-101.05999755859375,490.2200012207031,501.489990234375
4870,77,2,-101.05999755859375,490.2200012207031,484.4599914550781
4871,77,3,-101.05999755859375,490.2200012207031,467.44000244140625
4872,77,4,-101.05999755859375,490.2200012207031,450.4200134277344
4873,77,5,-101.05999755859375,490.2200012207031,433.3999938964844
4874,77,6,-101.05999755859375,490.2200012207031,416.3800048828125
4875,77,7,-101.05999755859375,490.2200012207031,399.3599853515625
4876,77,8,-101.05999755859375,490.2200012207031,382.3399963378906
4877,77,9,-101.05999755859375,490.2200012207031,365.32000732421875
4878,77,10,-101.05999755859375,490.2200012207031,348.29998779296875
4879,77,11,-101.05999755859375,490.2200012207031,331.2799987792969
4880,77,12,-101.05999755859375,490.2200012207031,314.260009765625
4881,77,13,-101.05999755859375,490.2200012207031,297.239990234375
4882,77,14,-101.05999755859375,490.2200012207031,280.2200012207031
4883,77,15,-101.05999755859375,490.2200012207031,263.19000244140625
4884,77,16,-101.05999755859375,490.2200012207031,246.1699981689453
4885,77,17,-101.05999755859375,490.2200012207031,229.14999389648438
4886,77,18,-101.05999755859375,490.2200012207031,212.1300048828125
4887,77,19,-101.05999755859375,490.2200012207031,195.11000061035156
4888,77,20,-101.05999755859375,490.2200012207031,178.08999633789062
4889,77,21,-101.05999755859375,490.2200012207031,161.07000732421875
4890,77,22,-101.05999755859375,490.2200012207031,144.0500030517578
4891,77,23,-101.05999755859375,490.2200012207031,127.02999877929688
4892,77,24,-101.05999755859375,490.2200012207031,110.01000213623047
4893,77,25,-101.05999755859375,490.2200012207031,92.98999786376953
4894,77,26,-101.05999755859375,490.2200012207031,75.97000122070312
4895,77,27,-101.05999755859375,490.2200012207031,58.95000076293945
4896,77,28,-101.05999755859375,490.2200012207031,41.91999816894531
4897,77,29,-101.05999755859375,490.2200012207031,24.899999618530273
4898,77,30,-101.05999755859375,490.2200012207031,7.880000114440918
4899,77,31,-101.05999755859375,490.2200012207031,-9.140000343322754
4900,77,32,-101.05999755859375,490.2200012207031,-26.15999984741211
4901,77,33,-101.05999755859375,490.2200012207031,-43.18000030517578
4902,77,34,-101.05999755859375,490.2200012207031,-60.20000076293945
4903,77,35,-101.05999755859375,490.2200012207031,-77.22000122070312
4904,77,36,-101.05999755859375,490.2200012207031,-94.23999786376953
4905,77,37,-101.05999755859375,490.2200012207031,-111.26000213623047
4906,77,38,-101.05999755859375,490.2200012207031,-128.27999877929688
4907,77,39,-101.05999755859375,490.2200012207031,-145.3000030517578
4908,77,40,-101.05999755859375,490.2200012207031,-162.32000732421875
4909,77,41,-101.05999755859375,490.2200012207031,-179.33999633789062
4910,77,42,-101.05999755859375,490.2200012207031,-196.3699951171875
4911,77,43,-101.05999755859375,490.2200012207031,-213.38999938964844
4912,77,44,-101.05999755859375,490.2200012207031,-230.41000366210938
4913,77,45,-101.05999755859375,490.2200012207031,-247.42999267578125
4914,77,46,-101.05999755859375,490.2200012207031,-264.45001220703125
4915,77,47,-101.05999755859375,490.2200012207031,-281.4700012207031
4916,77,48,-101.05999755859375,490.2200012207031,-298.489990234375
4917,77,49,-101.05999755859375,490.2200012207031,-315.510009765625
4918,77,50,-101.05999755859375,490.2200012207031,-332.5299987792969
4919,77,51,-101.05999755859375,490.2200012207031,-349.54998779296875
4920,77,52,-101.05999755859375,490.2200012207031,-366.57000732421875
4921,77,53,-101.05999755859375,490.2200012207031,-383.5899963378906
4922,77,54,-101.05999755859375,490.2200012207031,-400.6099853515625
4923,77,55,-101.05999755859375,490.2200012207031,-417.6400146484375
4924,77,56,-101.05999755859375,490.2200012207031,-434.6600036621094
4925,77,57,-101.05999755859375,490.2200012207031,-451.67999267578125
4926,77,58,-101.05999755859375,490.2200012207031,-468.70001220703125
4927,77,59,-101.05999755859375,490.2200012207031,-485.7200012207031
4928,77,60,-101.05999755859375,490.2200012207031,-503.239990234375
4929,77,61,-87.58999633789062,468.4599914550781,1946.8499755859375
4930,77,62,-87.81999969482422,468.989990234375,1946.8499755859375
4931,77,63,-96.9800033569336,464.92999267578125,1946.97998046875
4932,77,64,-97.22000122070312,465.4599914550781,1946.97998046875
4933,78,1,22.110000610351562,509.5,504.6600036621094
4934,78,2,22.110000610351562,509.5,487.6400146484375
4935,78,3,22.110000610351562,509.5,470.6199951171875
4936,78,4,22.110000610351562,509.5,453.6000061035156
4937,78,5,22.110000610351562,509.5,436.5799865722656
4938,78,6,22.110000610351562,509.5,419.55999755859375
4939,78,7,22.110000610351562,509.5,402.5400085449219
4940,78,8,22.110000610351562,509.5,385.5199890136719
4941,78,9,22.110000610351562,509.5,368.5
4942,78,10,22.110000610351562,509.5,351.4800109863281
4943,78,11,22.110000610351562,509.5,334.4599914550781
4944,78,12,22.110000610351562,509.5,317.44000244140625
4945,78,13,22.110000610351562,509.5,300.4200134277344
4946,78,14,22.110000610351562,509.5,283.3900146484375
4947,78,15,22.110000610351562,509.5,266.3699951171875
4948,78,16,22.110000610351562,509.5,249.35000610351562
4949,78,17,22.110000610351562,509.5,232.3300018310547
4950,78,18,22.110000610351562,509.5,215.30999755859375
4951,78,19,22.110000610351562,509.5,198.2899932861328
4952,78,20,22.110000610351562,509.5,181.27000427246094
4953,78,21,22.110000610351562,509.5,164.25
4954,78,22,22.110000610351562,509.5,147.22999572753906
4955,78,23,22.110000610351562,509.5,130.2100067138672
4956,78,24,22.110000610351562,509.5,113.19000244140625
4957,78,25,22.110000610351562,509.5,96.16999816894531
4958,78,26,22.110000610351562,509.5,79.1500015258789
4959,78,27,22.110000610351562,509.5,62.130001068115234
4960,78,28,22.110000610351562,509.5,45.099998474121094
4961,78,29,22.110000610351562,509.5,28.079999923706055
4962,78,30,22.110000610351562,509.5,11.0600004196167
4963,78,31,22.110000610351562,509.5,-5.960000038146973
4964,78,32,22.110000610351562,509.5,-22.979999542236328
4965,78,33,22.110000610351562,509.5,-40.0
4966,78,34,22.110000610351562,509.5,-57.02000045776367
4967,78,35,22.110000610351562,509.5,-74.04000091552734
4968,78,36,22.110000610351562,509.5,-91.05999755859375
4969,78,37,22.110000610351562,509.5,-108.08000183105469
4970,78,38,22.110000610351562,509.5,-125.0999984741211
4971,78,39,22.110000610351562,509.5,-142.1199951171875
4972,78,40,22.110000610351562,509.5,-159.13999938964844
4973,78,41,22.110000610351562,509.5,-176.1699981689453
4974,78,42,22.110000610351562,509.5,-193.19000244140625
4975,78,43,22.110000610351562,509.5,-210.2100067138672
4976,78,44,22.110000610351562,509.5,-227.22999572753906
4977,78,45,22.110000610351562,509.5,-244.25
4978,78,46,22.110000610351562,509.5,-261.2699890136719
4979,78,47,22.110000610351562,509.5,-278.2900085449219
4980,78,48,22.110000610351562,509.5,-295.30999755859375
4981,78,49,22.110000610351562,509.5,-312.3299865722656
4982,78,50,22.110000610351562,509.5,-329.3500061035156
4983,78,51,22.110000610351562,509.5,-346.3699951171875
4984,78,52,22.110000610351562,509.5,-363.3900146484375
4985,78,53,22.110000610351562,509.5,-380.4100036621094
4986,78,54,22.110000610351562,509.5,-397.44000244140625
4987,78,55,22.110000610351562,509.5,-414.4599914550781
4988,78,56,22.110000610351562,509.5,-431.4800109863281
4989,78,57,22.110000610351562,509.5,-448.5
4990,78,58,22.110000610351562,509.5,-465.5199890136719
4991,78,59,22.110000610351562,509.5,-482.5400085449219
4992,78,60,22.110000610351562,509.5,-499.55999755859375
4993,78,61,1.850000023841858,494.5,1947.6700439453125
4994,78,62,2.369999885559082,494.739990234375,1947.6700439453125
4995,78,63,-2.2799999713897705,503.4700012207031,1947.780029296875
4996,78,64,-1.7599999904632568,503.7200012207031,1947.780029296875
4997,79,1,31.25,-72.93000030517578,188.2899932861328
4998,79,2,31.25,-72.93000030517578,178.27999877929688
4999,79,3,31.25,-72.93000030517578,168.27000427246094
5000,79,4,31.25,-72.93000030517578,158.25999450683594
5001,79,5,31.25,-72.93000030517578,148.24000549316406
5002,79,6,31.25,-72.93000030517578,138.22999572753906
5003,79,7,31.25,-72.93000030517578,128.22000122070312
5004,79,8,31.25,-72.93000030517578,118.20999908447266
5005,79,9,31.25,-72.93000030517578,108.19999694824219
5006,79,10,31.25,-72.93000030517578,98.18000030517578
5007,79,11,31.25,-72.93000030517578,-159.1300048828125
5008,79,12,31.25,-72.93000030517578,-166.13999938964844
5009,79,13,31.25,-72.93000030517578,-173.14999389648438
5010,79,14,31.25,-72.93000030517578,-180.16000366210938
5011,79,15,31.25,-72.93000030517578,-187.16000366210938
5012,79,16,31.25,-72.93000030517578,-194.1699981689453
5013,79,17,31.25,-72.93000030517578,-201.17999267578125
5014,79,18,31.25,-72.93000030517578,-208.19000244140625
5015,79,19,31.25,-72.93000030517578,-215.1999969482422
5016,79,20,31.25,-72.93000030517578,-222.2100067138672
5017,79,21,31.25,-72.93000030517578,-229.22000122070312
5018,79,22,31.25,-72.93000030517578,-236.22000122070312
5019,79,23,31.25,-72.93000030517578,-243.22999572753906
5020,79,24,31.25,-72.93000030517578,-250.24000549316406
5021,79,25,31.25,-72.93000030517578,-257.25
5022,79,26,31.25,-72.93000030517578,-264.260009765625
5023,79,27,31.25,-72.93000030517578,-271.2699890136719
5024,79,28,31.25,-72.93000030517578,-278.2799987792969
5025,79,29,31.25,-72.93000030517578,-285.2799987792969
5026,79,30,31.25,-72.93000030517578,-292.2900085449219
5027,79,31,31.25,-72.93000030517578,-299.29998779296875
5028,79,32,31.25,-72.93000030517578,-306.30999755859375
5029,79,33,31.25,-72.93000030517578,-313.32000732421875
5030,79,34,31.25,-72.93000030517578,-320.3299865722656
5031,79,35,31.25,-72.93000030517578,-327.3399963378906
5032,79,36,31.25,-72.93000030517578,-334.3399963378906
5033,79,37,31.25,-72.93000030517578,-341.3500061035156
5034,79,38,31.25,-72.93000030517578,-348.3599853515625
5035,79,39,31.25,-72.93000030517578,-355.3699951171875
5036,79,40,31.25,-72.93000030517578,-362.3800048828125
5037,79,41,31.25,-72.93000030517578,-369.3900146484375
5038,79,42,31.25,-72.93000030517578,-376.3999938964844
5039,79,43,31.25,-72.93000030517578,-383.3999938964844
5040,79,44,31.25,-72.93000030517578,-390.4100036621094
5041,79,45,31.25,-72.93000030517578,-397.4200134277344
5042,79,46,31.25,-72.93000030517578,-404.42999267578125
5043,79,47,31.25,-72.93000030517578,-411.44000244140625
5044,79,48,31.25,-72.93000030517578,-418.45001220703125
5045,79,49,31.25,-72.93000030517578,-425.45001220703125
5046,79,50,31.25,-72.93000030517578,-432.4599914550781
5047,79,51,31.25,-72.93000030517578,-439.4700012207031
5048,79,52,31.25,-72.93000030517578,-446.4800109863281
5049,79,53,31.25,-72.93000030517578,-453.489990234375
5050,79,54,31.25,-72.93000030517578,-460.5
5051,79,55,31.25,-72.93000030517578,-467.510009765625
5052,79,56,31.25,-72.93000030517578,-474.510009765625
5053,79,57,31.25,-72.93000030517578,-481.5199890136719
5054,79,58,31.25,-72.93000030517578,-488.5299987792969
5055,79,59,31.25,-72.93000030517578,-495.5400085449219
5056,79,60,31.25,-72.93000030517578,-503.4200134277344
5057,79,61,17.889999389648438,-94.83000183105469,1945.9300537109375
5058,79,62,18.309999465942383,-94.43000030517578,1945.9300537109375
5059,79,63,10.680000305175781,-87.9000015258789,1946.1199951171875
5060,79,64,11.079999923706055,-87.48999786376953,1946.1199951171875
5061,80,1,72.37000274658203,-66.5999984741211,187.58999633789062
5062,80,2,72.37000274658203,-66.5999984741211,177.5800018310547
5063,80,3,72.37000274658203,-66.5999984741211,167.57000732421875
5064,80,4,72.37000274658203,-66.5999984741211,157.55999755859375
5065,80,5,72.37000274658203,-66.5999984741211,147.5399932861328
5066,80,6,72.37000274658203,-66.5999984741211,137.52999877929688
5067,80,7,72.37000274658203,-66.5999984741211,127.5199966430664
5068,80,8,72.37000274658203,-66.5999984741211,117.51000213623047
5069,80,9,72.37000274658203,-66.5999984741211,107.5
5070,80,10,72.37000274658203,-66.5999984741211,97.4800033569336
5071,80,11,72.37000274658203,-66.5999984741211,-159.8300018310547
5072,80,12,72.37000274658203,-66.5999984741211,-166.83999633789062
5073,80,13,72.37000274658203,-66.5999984741211,-173.85000610351562
5074,80,14,72.37000274658203,-66.5999984741211,-180.86000061035156
5075,80,15,72.37000274658203,-66.5999984741211,-187.86000061035156
5076,80,16,72.37000274658203,-66.5999984741211,-194.8699951171875
5077,80,17,72.37000274658203,-66.5999984741211,-201.8800048828125
5078,80,18,72.37000274658203,-66.5999984741211,-208.88999938964844
5079,80,19,72.37000274658203,-66.5999984741211,-215.89999389648438
5080,80,20,72.37000274658203,-66.5999984741211,-222.91000366210938
5081,80,21,72.37000274658203,-66.5999984741211,-229.9199981689453
5082,80,22,72.37000274658203,-66.5999984741211,-236.9199981689453
5083,80,23,72.37000274658203,-66.5999984741211,-243.92999267578125
5084,80,24,72.37000274658203,-66.5999984741211,-250.94000244140625
5085,80,25,72.37000274658203,-66.5999984741211,-257.95001220703125
5086,80,26,72.37000274658203,-66.5999984741211,-264.9599914550781
5087,80,27,72.37000274658203,-66.5999984741211,-271.9700012207031
5088,80,28,72.37000274658203,-66.5999984741211,-278.9800109863281
5089,80,29,72.37000274658203,-66.5999984741211,-285.9800109863281
5090,80,30,72.37000274658203,-66.5999984741211,-292.989990234375
5091,80,31,72.37000274658203,-66.5999984741211,-300.0
5092,80,32,72.37000274658203,-66.5999984741211,-307.010009765625
5093,80,33,72.37000274658203,-66.5999984741211,-314.0199890136719
5094,80,34,72.37000274658203,-66.5999984741211,-321.0299987792969
5095,80,35,72.37000274658203,-66.5999984741211,-328.0400085449219
5096,80,36,72.37000274658203,-66.5999984741211,-335.0400085449219
5097,80,37,72.37000274658203,-66.5999984741211,-342.04998779296875
5098,80,38,72.37000274658203,-66.5999984741211,-349.05999755859375
5099,80,39,72.37000274658203,-66.5999984741211,-356.07000732421875
5100,80,40,72.37000274658203,-66.5999984741211,-363.0799865722656
5101,80,41,72.37000274658203,-66.5999984741211,-370.0899963378906
5102,80,42,72.37000274658203,-66.5999984741211,-377.1000061035156
5103,80,43,72.37000274658203,-66.5999984741211,-384.1000061035156
5104,80,44,72.37000274658203,-66.5999984741211,-391.1099853515625
5105,80,45,72.37000274658203,-66.5999984741211,-398.1199951171875
5106,80,46,72.37000274658203,-66.5999984741211,-405.1300048828125
5107,80,47,72.37000274658203,-66.5999984741211,-412.1400146484375
5108,80,48,72.37000274658203,-66.5999984741211,-419.1499938964844
5109,80,49,72.37000274658203,-66.5999984741211,-426.1600036621094
5110,80,50,72.37000274658203,-66.5999984741211,-433.1600036621094
5111,80,51,72.37000274658203,-66.5999984741211,-440.1700134277344
5112,80,52,72.37000274658203,-66.5999984741211,-447.17999267578125
5113,80,53,72.37000274658203,-66.5999984741211,-454.19000244140625
5114,80,54,72.37000274658203,-66.5999984741211,-461.20001220703125
5115,80,55,72.37000274658203,-66.5999984741211,-468.2099914550781
5116,80,56,72.37000274658203,-66.5999984741211,-475.2200012207031
5117,80,57,72.37000274658203,-66.5999984741211,-482.2200012207031
5118,80,58,72.37000274658203,-66.5999984741211,-489.2300109863281
5119,80,59,72.37000274658203,-66.5999984741211,-496.239990234375
5120,80,60,72.37000274658203,-66.5999984741211,-503.6300048828125
5121,80,61,76.52999877929688,-42.209999084472656,1946.050048828125
5122,80,62,76.31999969482422,-42.75,1946.050048828125
5123,80,63,85.73999786376953,-45.72999954223633,1946.0400390625
5124,80,64,85.55000305175781,-46.27000045776367,1946.0400390625
5125,81,1,41.599998474121094,35.4900016784668,189.52000427246094
5126,81,2,41.599998474121094,35.4900016784668,179.50999450683594
5127,81,3,41.599998474121094,35.4900016784668,169.5
5128,81,4,41.599998474121094,35.4900016784668,159.49000549316406
5129,81,5,41.599998474121094,35.4900016784668,149.47000122070312
5130,81,6,41.599998474121094,35.4900016784668,139.4600067138672
5131,81,7,41.599998474121094,35.4900016784668,129.4499969482422
5132,81,8,41.599998474121094,35.4900016784668,119.44000244140625
5133,81,9,41.599998474121094,35.4900016784668,109.43000030517578
5134,81,10,41.599998474121094,35.4900016784668,99.41000366210938
5135,81,11,41.599998474121094,35.4900016784668,-157.89999389648438
5136,81,12,41.599998474121094,35.4900016784668,-164.91000366210938
5137,81,13,41.599998474121094,35.4900016784668,-171.9199981689453
5138,81,14,41.599998474121094,35.4900016784668,-178.92999267578125
5139,81,15,41.599998474121094,35.4900016784668,-185.92999267578125
5140,81,16,41.599998474121094,35.4900016784668,-192.94000244140625
5141,81,17,41.599998474121094,35.4900016784668,-199.9499969482422
5142,81,18,41.599998474121094,35.4900016784668,-206.9600067138672
5143,81,19,41.599998474121094,35.4900016784668,-213.97000122070312
5144,81,20,41.599998474121094,35.4900016784668,-220.97999572753906
5145,81,21,41.599998474121094,35.4900016784668,-227.99000549316406
5146,81,22,41.599998474121094,35.4900016784668,-234.99000549316406
5147,81,23,41.599998474121094,35.4900016784668,-242.0
5148,81,24,41.599998474121094,35.4900016784668,-249.00999450683594
5149,81,25,41.599998474121094,35.4900016784668,-256.0199890136719
5150,81,26,41.599998474121094,35.4900016784668,-263.0299987792969
5151,81,27,41.599998474121094,35.4900016784668,-270.0400085449219
5152,81,28,41.599998474121094,35.4900016784668,-277.04998779296875
5153,81,29,41.599998474121094,35.4900016784668,-284.04998779296875
5154,81,30,41.599998474121094,35.4900016784668,-291.05999755859375
5155,81,31,41.599998474121094,35.4900016784668,-298.07000732421875
5156,81,32,41.599998474121094,35.4900016784668,-305.0799865722656
5157,81,33,41.599998474121094,35.4900016784668,-312.0899963378906
5158,81,34,41.599998474121094,35.4900016784668,-319.1000061035156
5159,81,35,41.599998474121094,35.4900016784668,-326.1099853515625
5160,81,36,41.599998474121094,35.4900016784668,-333.1099853515625
5161,81,37,41.599998474121094,35.4900016784668,-340.1199951171875
5162,81,38,41.599998474121094,35.4900016784668,-347.1300048828125
5163,81,39,41.599998474121094,35.4900016784668,-354.1400146484375
5164,81,40,41.599998474121094,35.4900016784668,-361.1499938964844
5165,81,41,41.599998474121094,35.4900016784668,-368.1600036621094
5166,81,42,41.599998474121094,35.4900016784668,-375.1700134277344
5167,81,43,41.599998474121094,35.4900016784668,-382.1700134277344
5168,81,44,41.599998474121094,35.4900016784668,-389.17999267578125
5169,81,45,41.599998474121094,35.4900016784668,-396.19000244140625
5170,81,46,41.599998474121094,35.4900016784668,-403.20001220703125
5171,81,47,41.599998474121094,35.4900016784668,-410.2099914550781
5172,81,48,41.599998474121094,35.4900016784668,-417.2200012207031
5173,81,49,41.599998474121094,35.4900016784668,-424.2300109863281
5174,81,50,41.599998474121094,35.4900016784668,-431.2300109863281
5175,81,51,41.599998474121094,35.4900016784668,-438.239990234375
5176,81,52,41.599998474121094,35.4900016784668,-445.25
5177,81,53,41.599998474121094,35.4900016784668,-452.260009765625
5178,81,54,41.599998474121094,35.4900016784668,-459.2699890136719
5179,81,55,41.599998474121094,35.4900016784668,-466.2799987792969
5180,81,56,41.599998474121094,35.4900016784668,-473.2900085449219
5181,81,57,41.599998474121094,35.4900016784668,-480.2900085449219
5182,81,58,41.599998474121094,35.4900016784668,-487.29998779296875
5183,81,59,41.599998474121094,35.4900016784668,-494.30999755859375
5184,81,60,41.599998474121094,35.4900016784668,-501.6099853515625
5185,81,61,77.36000061035156,37.900001525878906,1946.1800537109375
5186,81,62,77.45999908447266,37.33000183105469,1946.1800537109375
5187,81,63,87.12000274658203,40.119998931884766,1946.219970703125
5188,81,64,87.26000213623047,39.560001373291016,1946.219970703125
5189,82,1,106.94000244140625,27.09000015258789,186.66000366210938
5190,82,2,106.94000244140625,27.09000015258789,176.64999389648438
5191,82,3,106.94000244140625,27.09000015258789,166.63999938964844
5192,82,4,106.94000244140625,27.09000015258789,156.6300048828125
5193,82,5,106.94000244140625,27.09000015258789,146.61000061035156
5194,82,6,106.94000244140625,27.09000015258789,136.60000610351562
5195,82,7,106.94000244140625,27.09000015258789,126.58999633789062
5196,82,8,106.94000244140625,27.09000015258789,116.58000183105469
5197,82,9,106.94000244140625,27.09000015258789,106.55999755859375
5198,82,10,106.94000244140625,27.09000015258789,96.55000305175781
5199,82,11,106.94000244140625,27.09000015258789,-160.75999450683594
5200,82,12,106.94000244140625,27.09000015258789,-167.77000427246094
5201,82,13,106.94000244140625,27.09000015258789,-174.77999877929688
5202,82,14,106.94000244140625,27.09000015258789,-181.7899932861328
5203,82,15,106.94000244140625,27.09000015258789,-188.8000030517578
5204,82,16,106.94000244140625,27.09000015258789,-195.8000030517578
5205,82,17,106.94000244140625,27.09000015258789,-202.80999755859375
5206,82,18,106.94000244140625,27.09000015258789,-209.82000732421875
5207,82,19,106.94000244140625,27.09000015258789,-216.8300018310547
5208,82,20,106.94000244140625,27.09000015258789,-223.83999633789062
5209,82,21,106.94000244140625,27.09000015258789,-230.85000610351562
5210,82,22,106.94000244140625,27.09000015258789,-237.86000061035156
5211,82,23,106.94000244140625,27.09000015258789,-244.86000061035156
5212,82,24,106.94000244140625,27.09000015258789,-251.8699951171875
5213,82,25,106.94000244140625,27.09000015258789,-258.8800048828125
5214,82,26,106.94000244140625,27.09000015258789,-265.8900146484375
5215,82,27,106.94000244140625,27.09000015258789,-272.8999938964844
5216,82,28,106.94000244140625,27.09000015258789,-279.9100036621094
5217,82,29,106.94000244140625,27.09000015258789,-286.9200134277344
5218,82,30,106.94000244140625,27.09000015258789,-293.9200134277344
5219,82,31,106.94000244140625,27.09000015258789,-300.92999267578125
5220,82,32,106.94000244140625,27.09000015258789,-307.94000244140625
5221,82,33,106.94000244140625,27.09000015258789,-314.95001220703125
5222,82,34,106.94000244140625,27.09000015258789,-321.9599914550781
5223,82,35,106.94000244140625,27.09000015258789,-328.9700012207031
5224,82,36,106.94000244140625,27.09000015258789,-335.9800109863281
5225,82,37,106.94000244140625,27.09000015258789,-342.9800109863281
5226,82,38,106.94000244140625,27.09000015258789,-349.989990234375
5227,82,39,106.94000244140625,27.09000015258789,-357.0
5228,82,40,106.94000244140625,27.09000015258789,-364.010009765625
5229,82,41,106.94000244140625,27.09000015258789,-371.0199890136719
5230,82,42,106.94000244140625,27.09000015258789,-378.0299987792969
5231,82,43,106.94000244140625,27.09000015258789,-385.0400085449219
5232,82,44,106.94000244140625,27.09000015258789,-392.0400085449219
5233,82,45,106.94000244140625,27.09000015258789,-399.04998779296875
5234,82,46,106.94000244140625,27.09000015258789,-406.05999755859375
5235,82,47,106.94000244140625,27.09000015258789,-413.07000732421875
5236,82,48,106.94000244140625,27.09000015258789,-420.0799865722656
5237,82,49,106.94000244140625,27.09000015258789,-427.0899963378906
5238,82,50,106.94000244140625,27.09000015258789,-434.1000061035156
5239,82,51,106.94000244140625,27.09000015258789,-441.1000061035156
5240,82,52,106.94000244140625,27.09000015258789,-448.1099853515625
5241,82,53,106.94000244140625,27.09000015258789,-455.1199951171875
5242,82,54,106.94000244140625,27.09000015258789,-462.1300048828125
5243,82,55,106.94000244140625,27.09000015258789,-469.1400146484375
5244,82,56,106.94000244140625,27.09000015258789,-476.1499938964844
5245,82,57,106.94000244140625,27.09000015258789,-483.1600036621094
5246,82,58,106.94000244140625,27.09000015258789,-490.1600036621094
5247,82,59,106.94000244140625,27.09000015258789,-497.1700134277344
5248,82,60,106.94000244140625,27.09000015258789,-503.6199951171875
5249,83,1,113.19000244140625,-60.470001220703125,186.32000732421875
5250,83,2,113.19000244140625,-60.470001220703125,176.30999755859375
5251,83,3,113.19000244140625,-60.470001220703125,166.3000030517578
5252,83,4,113.19000244140625,-60.470001220703125,156.2899932861328
5253,83,5,113.19000244140625,-60.470001220703125,146.27000427246094
5254,83,6,113.19000244140625,-60.470001220703125,136.25999450683594
5255,83,7,113.19000244140625,-60.470001220703125,126.25
5256,83,8,113.19000244140625,-60.470001220703125,116.23999786376953
5257,83,9,113.19000244140625,-60.470001220703125,106.2300033569336
5258,83,10,113.19000244140625,-60.470001220703125,96.20999908447266
5259,83,11,113.19000244140625,-60.470001220703125,-161.10000610351562
5260,83,12,113.19000244140625,-60.470001220703125,-168.11000061035156
5261,83,13,113.19000244140625,-60.470001220703125,-175.1199951171875
5262,83,14,113.19000244140625,-60.470001220703125,-182.1300048828125
5263,83,15,113.19000244140625,-60.470001220703125,-189.1300048828125
5264,83,16,113.19000244140625,-60.470001220703125,-196.13999938964844
5265,83,17,113.19000244140625,-60.470001220703125,-203.14999389648438
5266,83,18,113.19000244140625,-60.470001220703125,-210.16000366210938
5267,83,19,113.19000244140625,-60.470001220703125,-217.1699981689453
5268,83,20,113.19000244140625,-60.470001220703125,-224.17999267578125
5269,83,21,113.19000244140625,-60.470001220703125,-231.19000244140625
5270,83,22,113.19000244140625,-60.470001220703125,-238.19000244140625
5271,83,23,113.19000244140625,-60.470001220703125,-245.1999969482422
5272,83,24,113.19000244140625,-60.470001220703125,-252.2100067138672
5273,83,25,113.19000244140625,-60.470001220703125,-259.2200012207031
5274,83,26,113.19000244140625,-60.470001220703125,-266.2300109863281
5275,83,27,113.19000244140625,-60.470001220703125,-273.239990234375
5276,83,28,113.19000244140625,-60.470001220703125,-280.25
5277,83,29,113.19000244140625,-60.470001220703125,-287.25
5278,83,30,113.19000244140625,-60.470001220703125,-294.260009765625
5279,83,31,113.19000244140625,-60.470001220703125,-301.2699890136719
5280,83,32,113.19000244140625,-60.470001220703125,-308.2799987792969
5281,83,33,113.19000244140625,-60.470001220703125,-315.2900085449219
5282,83,34,113.19000244140625,-60.470001220703125,-322.29998779296875
5283,83,35,113.19000244140625,-60.470001220703125,-329.30999755859375
5284,83,36,113.19000244140625,-60.470001220703125,-336.30999755859375
5285,83,37,113.19000244140625,-60.470001220703125,-343.32000732421875
5286,83,38,113.19000244140625,-60.470001220703125,-350.3299865722656
5287,83,39,113.19000244140625,-60.470001220703125,-357.3399963378906
5288,83,40,113.19000244140625,-60.470001220703125,-364.3500061035156
5289,83,41,113.19000244140625,-60.470001220703125,-371.3599853515625
5290,83,42,113.19000244140625,-60.470001220703125,-378.3699951171875
5291,83,43,113.19000244140625,-60.470001220703125,-385.3699951171875
5292,83,44,113.19000244140625,-60.470001220703125,-392.3800048828125
5293,83,45,113.19000244140625,-60.470001220703125,-399.3900146484375
5294,83,46,113.19000244140625,-60.470001220703125,-406.3999938964844
5295,83,47,113.19000244140625,-60.470001220703125,-413.4100036621094
5296,83,48,113.19000244140625,-60.470001220703125,-420.4200134277344
5297,83,49,113.19000244140625,-60.470001220703125,-427.4200134277344
5298,83,50,113.19000244140625,-60.470001220703125,-434.42999267578125
5299,83,51,113.19000244140625,-60.470001220703125,-441.44000244140625
5300,83,52,113.19000244140625,-60.470001220703125,-448.45001220703125
5301,83,53,113.19000244140625,-60.470001220703125,-455.4599914550781
5302,83,54,113.19000244140625,-60.470001220703125,-462.4700012207031
5303,83,55,113.19000244140625,-60.470001220703125,-469.4800109863281
5304,83,56,113.19000244140625,-60.470001220703125,-476.4800109863281
5305,83,57,113.19000244140625,-60.470001220703125,-483.489990234375
5306,83,58,113.19000244140625,-60.470001220703125,-490.5
5307,83,59,113.19000244140625,-60.470001220703125,-497.2799987792969
5308,83,60,113.19000244140625,-60.470001220703125,-505.4100036621094
5309,84,1,57.20000076293945,-105.5199966430664,186.02000427246094
5310,84,2,57.20000076293945,-105.5199966430664,176.00999450683594
5311,84,3,57.20000076293945,-105.5199966430664,166.0
5312,84,4,57.20000076293945,-105.5199966430664,155.99000549316406
5313,84,5,57.20000076293945,-105.5199966430664,145.97000122070312
5314,84,6,57.20000076293945,-105.5199966430664,135.9600067138672
5315,84,7,57.20000076293945,-105.5199966430664,125.94999694824219
5316,84,8,57.20000076293945,-105.5199966430664,115.94000244140625
5317,84,9,57.20000076293945,-105.5199966430664,105.91999816894531
5318,84,10,57.20000076293945,-105.5199966430664,95.91000366210938
5319,84,11,57.20000076293945,-105.5199966430664,-161.39999389648438
5320,84,12,57.20000076293945,-105.5199966430664,-168.41000366210938
5321,84,13,57.20000076293945,-105.5199966430664,-175.4199981689453
5322,84,14,57.20000076293945,-105.5199966430664,-182.42999267578125
5323,84,15,57.20000076293945,-105.5199966430664,-189.44000244140625
5324,84,16,57.20000076293945,-105.5199966430664,-196.44000244140625
5325,84,17,57.20000076293945,-105.5199966430664,-203.4499969482422
5326,84,18,57.20000076293945,-105.5199966430664,-210.4600067138672
5327,84,19,57.20000076293945,-105.5199966430664,-217.47000122070312
5328,84,20,57.20000076293945,-105.5199966430664,-224.47999572753906
5329,84,21,57.20000076293945,-105.5199966430664,-231.49000549316406
5330,84,22,57.20000076293945,-105.5199966430664,-238.5
5331,84,23,57.20000076293945,-105.5199966430664,-245.5
5332,84,24,57.20000076293945,-105.5199966430664,-252.50999450683594
5333,84,25,57.20000076293945,-105.5199966430664,-259.5199890136719
5334,84,26,57.20000076293945,-105.5199966430664,-266.5299987792969
5335,84,27,57.20000076293945,-105.5199966430664,-273.5400085449219
5336,84,28,57.20000076293945,-105.5199966430664,-280.54998779296875
5337,84,29,57.20000076293945,-105.5199966430664,-287.55999755859375
5338,84,30,57.20000076293945,-105.5199966430664,-294.55999755859375
5339,84,31,57.20000076293945,-105.5199966430664,-301.57000732421875
5340,84,32,57.20000076293945,-105.5199966430664,-308.5799865722656
5341,84,33,57.20000076293945,-105.5199966430664,-315.5899963378906
5342,84,34,57.20000076293945,-105.5199966430664,-322.6000061035156
5343,84,35,57.20000076293945,-105.5199966430664,-329.6099853515625
5344,84,36,57.20000076293945,-105.5199966430664,-336.6199951171875
5345,84,37,57.20000076293945,-105.5199966430664,-343.6199951171875
5346,84,38,57.20000076293945,-105.5199966430664,-350.6300048828125
5347,84,39,57.20000076293945,-105.5199966430664,-357.6400146484375
5348,84,40,57.20000076293945,-105.5199966430664,-364.6499938964844
5349,84,41,57.20000076293945,-105.5199966430664,-371.6600036621094
5350,84,42,57.20000076293945,-105.5199966430664,-378.6700134277344
5351,84,43,57.20000076293945,-105.5199966430664,-385.67999267578125
5352,84,44,57.20000076293945,-105.5199966430664,-392.67999267578125
5353,84,45,57.20000076293945,-105.5199966430664,-399.69000244140625
5354,84,46,57.20000076293945,-105.5199966430664,-406.70001220703125
5355,84,47,57.20000076293945,-105.5199966430664,-413.7099914550781
5356,84,48,57.20000076293945,-105.5199966430664,-420.7200012207031
5357,84,49,57.20000076293945,-105.5199966430664,-427.7300109863281
5358,84,50,57.20000076293945,-105.5199966430664,-434.739990234375
5359,84,51,57.20000076293945,-105.5199966430664,-441.739990234375
5360,84,52,57.20000076293945,-105.5199966430664,-448.75
5361,84,53,57.20000076293945,-105.5199966430664,-455.760009765625
5362,84,54,57.20000076293945,-105.5199966430664,-462.7699890136719
5363,84,55,57.20000076293945,-105.5199966430664,-469.7799987792969
5364,84,56,57.20000076293945,-105.5199966430664,-476.7900085449219
5365,84,57,57.20000076293945,-105.5199966430664,-483.7900085449219
5366,84,58,57.20000076293945,-105.5199966430664,-490.79998779296875
5367,84,59,57.20000076293945,-105.5199966430664,-497.80999755859375
5368,84,60,57.20000076293945,-105.5199966430664,-504.29998779296875
5369,85,1,-9.680000305175781,-79.5,191.00999450683594
5370,85,2,-9.680000305175781,-79.5,181.0
5371,85,3,-9.680000305175781,-79.5,170.99000549316406
5372,85,4,-9.680000305175781,-79.5,160.97999572753906
5373,85,5,-9.680000305175781,-79.5,150.9600067138672
5374,85,6,-9.680000305175781,-79.5,140.9499969482422
5375,85,7,-9.680000305175781,-79.5,130.94000244140625
5376,85,8,-9.680000305175781,-79.5,120.93000030517578
5377,85,9,-9.680000305175781,-79.5,110.91000366210938
5378,85,10,-9.680000305175781,-79.5,100.9000015258789
5379,85,11,-9.680000305175781,-79.5,-156.41000366210938
5380,85,12,-9.680000305175781,-79.5,-163.4199981689453
5381,85,13,-9.680000305175781,-79.5,-170.42999267578125
5382,85,14,-9.680000305175781,-79.5,-177.44000244140625
5383,85,15,-9.680000305175781,-79.5,-184.4499969482422
5384,85,16,-9.680000305175781,-79.5,-191.4499969482422
5385,85,17,-9.680000305175781,-79.5,-198.4600067138672
5386,85,18,-9.680000305175781,-79.5,-205.47000122070312
5387,85,19,-9.680000305175781,-79.5,-212.47999572753906
5388,85,20,-9.680000305175781,-79.5,-219.49000549316406
5389,85,21,-9.680000305175781,-79.5,-226.5
5390,85,22,-9.680000305175781,-79.5,-233.50999450683594
5391,85,23,-9.680000305175781,-79.5,-240.50999450683594
5392,85,24,-9.680000305175781,-79.5,-247.52000427246094
5393,85,25,-9.680000305175781,-79.5,-254.52999877929688
5394,85,26,-9.680000305175781,-79.5,-261.5400085449219
5395,85,27,-9.680000305175781,-79.5,-268.54998779296875
5396,85,28,-9.680000305175781,-79.5,-275.55999755859375
5397,85,29,-9.680000305175781,-79.5,-282.57000732421875
5398,85,30,-9.680000305175781,-79.5,-289.57000732421875
5399,85,31,-9.680000305175781,-79.5,-296.5799865722656
5400,85,32,-9.680000305175781,-79.5,-303.5899963378906
5401,85,33,-9.680000305175781,-79.5,-310.6000061035156
5402,85,34,-9.680000305175781,-79.5,-317.6099853515625
5403,85,35,-9.680000305175781,-79.5,-324.6199951171875
5404,85,36,-9.680000305175781,-79.5,-331.6300048828125
5405,85,37,-9.680000305175781,-79.5,-338.6300048828125
5406,85,38,-9.680000305175781,-79.5,-345.6400146484375
5407,85,39,-9.680000305175781,-79.5,-352.6499938964844
5408,85,40,-9.680000305175781,-79.5,-359.6600036621094
5409,85,41,-9.680000305175781,-79.5,-366.6700134277344
5410,85,42,-9.680000305175781,-79.5,-373.67999267578125
5411,85,43,-9.680000305175781,-79.5,-380.69000244140625
5412,85,44,-9.680000305175781,-79.5,-387.69000244140625
5413,85,45,-9.680000305175781,-79.5,-394.70001220703125
5414,85,46,-9.680000305175781,-79.5,-401.7099914550781
5415,85,47,-9.680000305175781,-79.5,-408.7200012207031
5416,85,48,-9.680000305175781,-79.5,-415.7300109863281
5417,85,49,-9.680000305175781,-79.5,-422.739990234375
5418,85,50,-9.680000305175781,-79.5,-429.75
5419,85,51,-9.680000305175781,-79.5,-436.75
5420,85,52,-9.680000305175781,-79.5,-443.760009765625
5421,85,53,-9.680000305175781,-79.5,-450.7699890136719
5422,85,54,-9.680000305175781,-79.5,-457.7799987792969
5423,85,55,-9.680000305175781,-79.5,-464.7900085449219
5424,85,56,-9.680000305175781,-79.5,-471.79998779296875
5425,85,57,-9.680000305175781,-79.5,-478.80999755859375
5426,85,58,-9.680000305175781,-79.5,-485.80999755859375
5427,85,59,-9.680000305175781,-79.5,-492.82000732421875
5428,85,60,-9.680000305175781,-79.5,-499.2799987792969
5429,86,1,-10.970000267028809,6.71999979019165,190.4199981689453
5430,86,2,-10.970000267028809,6.71999979019165,180.41000366210938
5431,86,3,-10.970000267028809,6.71999979019165,170.39999389648438
5432,86,4,-10.970000267028809,6.71999979019165,160.38999938964844
5433,86,5,-10.970000267028809,6.71999979019165,150.3699951171875
5434,86,6,-10.970000267028809,6.71999979019165,140.36000061035156
5435,86,7,-10.970000267028809,6.71999979019165,130.35000610351562
5436,86,8,-10.970000267028809,6.71999979019165,120.33999633789062
5437,86,9,-10.970000267028809,6.71999979019165,110.33000183105469
5438,86,10,-10.970000267028809,6.71999979019165,100.30999755859375
5439,86,11,-10.970000267028809,6.71999979019165,-157.0
5440,86,12,-10.970000267028809,6.71999979019165,-164.00999450683594
5441,86,13,-10.970000267028809,6.71999979019165,-171.02000427246094
5442,86,14,-10.970000267028809,6.71999979019165,-178.02999877929688
5443,86,15,-10.970000267028809,6.71999979019165,-185.02999877929688
5444,86,16,-10.970000267028809,6.71999979019165,-192.0399932861328
5445,86,17,-10.970000267028809,6.71999979019165,-199.0500030517578
5446,86,18,-10.970000267028809,6.71999979019165,-206.05999755859375
5447,86,19,-10.970000267028809,6.71999979019165,-213.07000732421875
5448,86,20,-10.970000267028809,6.71999979019165,-220.0800018310547
5449,86,21,-10.970000267028809,6.71999979019165,-227.08999633789062
5450,86,22,-10.970000267028809,6.71999979019165,-234.08999633789062
5451,86,23,-10.970000267028809,6.71999979019165,-241.10000610351562
5452,86,24,-10.970000267028809,6.71999979019165,-248.11000061035156
5453,86,25,-10.970000267028809,6.71999979019165,-255.1199951171875
5454,86,26,-10.970000267028809,6.71999979019165,-262.1300048828125
5455,86,27,-10.970000267028809,6.71999979019165,-269.1400146484375
5456,86,28,-10.970000267028809,6.71999979019165,-276.1499938964844
5457,86,29,-10.970000267028809,6.71999979019165,-283.1499938964844
5458,86,30,-10.970000267028809,6.71999979019165,-290.1600036621094
5459,86,31,-10.970000267028809,6.71999979019165,-297.1700134277344
5460,86,32,-10.970000267028809,6.71999979019165,-304.17999267578125
5461,86,33,-10.970000267028809,6.71999979019165,-311.19000244140625
5462,86,34,-10.970000267028809,6.71999979019165,-318.20001220703125
5463,86,35,-10.970000267028809,6.71999979019165,-325.2099914550781
5464,86,36,-10.970000267028809,6.71999979019165,-332.2099914550781
5465,86,37,-10.970000267028809,6.71999979019165,-339.2200012207031
5466,86,38,-10.970000267028809,6.71999979019165,-346.2300109863281
5467,86,39,-10.970000267028809,6.71999979019165,-353.239990234375
5468,86,40,-10.970000267028809,6.71999979019165,-360.25
5469,86,41,-10.970000267028809,6.71999979019165,-367.260009765625
5470,86,42,-10.970000267028809,6.71999979019165,-374.2699890136719
5471,86,43,-10.970000267028809,6.71999979019165,-381.2699890136719
5472,86,44,-10.970000267028809,6.71999979019165,-388.2799987792969
5473,86,45,-10.970000267028809,6.71999979019165,-395.2900085449219
5474,86,46,-10.970000267028809,6.71999979019165,-402.29998779296875
5475,86,47,-10.970000267028809,6.71999979019165,-409.30999755859375
5476,86,48,-10.970000267028809,6.71999979019165,-416.32000732421875
5477,86,49,-10.970000267028809,6.71999979019165,-423.3299865722656
5478,86,50,-10.970000267028809,6.71999979019165,-430.3299865722656
5479,86,51,-10.970000267028809,6.71999979019165,-437.3399963378906
5480,86,52,-10.970000267028809,6.71999979019165,-444.3500061035156
5481,86,53,-10.970000267028809,6.71999979019165,-451.3599853515625
5482,86,54,-10.970000267028809,6.71999979019165,-458.3699951171875
5483,86,55,-10.970000267028809,6.71999979019165,-465.3800048828125
5484,86,56,-10.970000267028809,6.71999979019165,-472.3900146484375
5485,86,57,-10.970000267028809,6.71999979019165,-479.3900146484375
5486,86,58,-10.970000267028809,6.71999979019165,-486.3999938964844
5487,86,59,-10.970000267028809,6.71999979019165,-493.4100036621094
5488,86,60,-10.970000267028809,6.71999979019165,-500.7300109863281
